timestamp,open,high,low,close,volume,close_time,quote_volume,trades,taker_buy_base,taker_buy_quote,ignore
2025-05-06 00:00:00,146.72,146.83,142.0,142.57,996185.468,1746532799999,143925045.48123000,595952,481670.51000000,69660843.07879000,0
2025-05-06 12:00:00,142.57,147.23,141.41,146.88,1356125.467,1746575999999,195532989.84146000,840021,718535.42900000,103638693.31793000,0
2025-05-07 00:00:00,146.89,149.54,145.43,147.59,1049826.128,1746619199999,154897738.45520000,614834,531723.71100000,78470124.05137000,0
2025-05-07 12:00:00,147.6,148.35,144.68,147.32,1390740.156,1746662399999,204012250.40567000,773404,801650.46800000,117591388.49834000,0
2025-05-08 00:00:00,147.32,155.28,147.08,154.57,2068131.473,1746705599999,313278596.12374000,906766,1028697.31100000,155861421.31830000,0
2025-05-08 12:00:00,154.57,164.6,154.18,164.46,3972491.145,1746748799999,634107733.86270000,1773457,2185652.92800000,348633873.82351000,0
2025-05-09 00:00:00,164.46,176.15,161.07,172.32,3839022.831,1746791999999,642420989.09944000,2111252,2058495.60400000,344572638.05961000,0
2025-05-09 12:00:00,172.33,173.81,167.36,172.78,2479551.818,1746835199999,424014840.92683000,1454045,1225942.92100000,209661135.62639000,0
2025-05-10 00:00:00,172.77,175.19,168.72,169.0,1507806.665,1746878399999,258761197.35214000,1149908,727819.06800000,125016559.42719000,0
2025-05-10 12:00:00,169.0,178.98,169.0,177.89,1831894.514,1746921599999,317785510.09358000,1146644,991360.28200000,172127157.48632000,0
2025-05-11 00:00:00,177.89,180.26,172.29,174.76,1948625.02,1746964799999,343572445.80934000,1525918,957422.88600000,169008791.01428000,0
2025-05-11 12:00:00,174.76,175.22,169.35,173.19,1262104.5,1747007999999,217182080.32026000,1015380,620746.23600000,106884170.08775000,0
2025-05-12 00:00:00,173.2,179.79,171.74,174.11,2888447.44,1747051199999,508487273.46077000,1820081,1391782.14100000,245107314.27257000,0
2025-05-12 12:00:00,174.1,181.46,168.31,174.22,3357285.537,1747094399999,588263510.80125000,2050181,1803737.77900000,316332406.66089000,0
2025-05-13 00:00:00,174.22,175.15,166.18,174.0,1701596.389,1747137599999,290794680.07038000,1336658,843463.24300000,144277314.43489000,0
2025-05-13 12:00:00,174.0,184.83,172.11,183.75,2885447.009,1747180799999,515182476.62234000,1799967,1549507.83900000,276930374.80718000,0
2025-05-14 00:00:00,183.75,184.88,177.57,181.06,2137470.135,1747223999999,387526728.72497000,1500588,1060166.60500000,192268364.09839000,0
2025-05-14 12:00:00,181.06,181.89,173.23,176.64,1481685.118,1747267199999,262775077.70601000,1214705,681557.17600000,120896920.92441000,0
2025-05-15 00:00:00,176.63,178.33,168.67,171.09,1433250.179,1747310399999,247992565.55345000,1212658,654920.33000000,113366168.14750000,0
2025-05-15 12:00:00,171.08,174.49,166.7,169.16,2112787.545,1747353599999,359583404.13137000,1544057,1067359.54100000,181745407.87873000,0
2025-05-16 00:00:00,169.16,174.21,168.69,172.81,1397691.26,1747396799999,240186920.77597000,1069143,722020.69700000,124099090.21986000,0
2025-05-16 12:00:00,172.82,174.2,166.36,167.4,1368695.411,1747439999999,233736712.79661000,964104,653981.74000000,111728042.44069000,0
2025-05-17 00:00:00,167.4,169.99,164.01,167.6,1335868.132,1747483199999,223159851.52905000,1028524,632600.33100000,105745472.21277000,0
2025-05-17 12:00:00,167.6,168.23,164.36,165.94,926253.574,1747526399999,154079324.16213000,791135,447607.97400000,74459791.32125000,0
2025-05-18 00:00:00,165.94,172.0,165.85,170.79,823025.808,1747569599999,139250645.72633000,654176,401558.00900000,67880017.83824000,0
2025-05-18 12:00:00,170.78,176.77,164.54,173.3,2371585.128,1747612799999,405259908.90176000,1597038,1160786.26600000,198403230.68246000,0
2025-05-19 00:00:00,173.3,173.94,159.44,162.19,2354462.582,1747655999999,387528006.84902000,1687571,1105966.48000000,182219685.89621000,0
2025-05-19 12:00:00,162.19,167.8,160.16,166.86,1721890.162,1747699199999,283155458.79762000,1090612,891630.13000000,146751423.71672000,0
2025-05-20 00:00:00,166.87,173.11,165.23,166.47,1791203.002,1747742399999,302500464.42572000,1192548,956760.55700000,161686145.93154000,0
2025-05-20 12:00:00,166.46,169.38,164.51,168.59,1344217.424,1747785599999,224199692.41746000,1173617,675037.43500000,112602175.99123000,0
2025-05-21 00:00:00,168.59,171.76,166.78,169.34,1445912.68,1747828799999,244937241.21229000,1149144,727862.65300000,123353062.32872000,0
2025-05-21 12:00:00,169.33,175.99,165.51,173.53,2954697.72,1747871999999,504251568.16702000,2062098,1509185.85300000,257677536.99106000,0
2025-05-22 00:00:00,173.54,180.87,172.59,178.08,2255131.59,1747915199999,398717468.53938000,1572063,1164344.98600000,205933924.40688000,0
2025-05-22 12:00:00,178.07,180.36,176.94,179.68,1353091.272,1747958399999,241707309.87792000,1188302,696915.30300000,124534260.04711000,0
2025-05-23 00:00:00,179.68,187.71,177.1,177.91,2907795.537,1748001599999,532190677.89155000,1854216,1444295.50500000,264510773.74080000,0
2025-05-23 12:00:00,177.91,183.76,173.23,174.01,3205115.239,1748044799999,571839365.67031000,2227539,1569793.70500000,280239161.82049000,0
2025-05-24 00:00:00,174.0,178.33,172.5,176.9,1457632.426,1748087999999,255301249.12123000,1032690,733748.55500000,128552071.66648000,0
2025-05-24 12:00:00,176.89,177.91,175.05,175.87,860332.595,1748131199999,151849746.18170000,675246,413816.88100000,73039821.73199000,0
2025-05-25 00:00:00,175.87,176.88,170.13,171.98,1416771.969,1748174399999,244250730.26781000,1029749,630227.88500000,108690819.90660000,0
2025-05-25 12:00:00,171.99,175.91,169.14,175.74,1113591.89,1748217599999,191457068.96629000,841068,527479.21400000,90819966.17246000,0
2025-05-26 00:00:00,175.75,179.02,175.04,177.91,1240675.732,1748260799999,219737576.32942000,782530,625140.55000000,110732545.58960000,0
2025-05-26 12:00:00,177.91,178.8,173.48,174.91,974049.064,1748303999999,171405036.12709000,937998,477399.73400000,83995669.78048000,0
2025-05-27 00:00:00,174.92,177.17,171.24,176.8,1078990.183,1748347199999,187953130.83953000,970779,553499.49000000,96438468.79687000,0
2025-05-27 12:00:00,176.8,179.41,175.02,176.71,1489519.185,1748390399999,264785828.70608000,1173641,715043.11300000,127160249.73782000,0
2025-05-28 00:00:00,176.72,177.45,172.86,174.51,944554.198,1748433599999,164939643.16164000,674604,454773.60200000,79432610.09722000,0
2025-05-28 12:00:00,174.52,175.13,168.92,172.21,1590106.679,1748476799999,272439677.31459000,1065105,773955.92400000,132660678.24671000,0
2025-05-29 00:00:00,172.22,175.34,170.12,172.88,1131851.895,1748519999999,195711816.65540000,849124,559074.51000000,96707287.30277000,0
2025-05-29 12:00:00,172.87,172.92,165.96,166.71,1509938.073,1748563199999,255191527.45142000,1084473,652266.08400000,110199090.08385000,0
2025-05-30 00:00:00,166.71,167.51,160.13,163.83,1790910.311,1748606399999,293110464.25010000,1249748,824858.75400000,135069889.72106000,0
2025-05-30 12:00:00,163.83,163.96,155.22,156.2,1979369.201,1748649599999,315966015.26074000,1495241,906569.74500000,144756411.84762000,0
2025-05-31 00:00:00,156.2,157.24,152.14,152.92,1326831.446,1748692799999,204760704.54364000,1265868,628943.82700000,97083089.05708000,0
2025-05-31 12:00:00,152.92,158.01,152.57,156.45,1025426.306,1748735999999,160124907.39785000,705608,539194.50300000,84180567.18299000,0
2025-06-01 00:00:00,156.45,156.73,150.59,152.05,963699.99,1748779199999,148121071.84704000,805094,448533.84000000,68971226.75825000,0
2025-06-01 12:00:00,152.05,157.92,150.66,157.68,1078431.051,1748822399999,167094905.58780000,843496,535628.79400000,82984037.21104000,0
2025-06-02 00:00:00,157.68,158.93,152.95,153.45,1157589.924,1748865599999,180073276.23477000,877762,540289.42100000,84071881.69120000,0
2025-06-02 12:00:00,153.44,157.24,151.67,156.83,1344462.267,1748908799999,206769200.99127000,1072735,666649.96800000,102545461.17377000,0
2025-06-03 00:00:00,156.83,162.38,156.39,160.56,1403160.96,1748951999999,224189932.43526000,926065,683626.56300000,109250104.68673000,0
2025-06-03 12:00:00,160.56,163.64,154.14,155.19,1446424.185,1748995199999,230814005.22216000,1131635,711264.18400000,113601097.27500000,0
2025-06-04 00:00:00,155.19,157.92,154.18,155.92,842302.267,1749038399999,131791633.92300000,727482,405417.51100000,63432357.49560000,0
2025-06-04 12:00:00,155.92,157.97,152.94,153.26,1148344.157,1749081599999,178482809.15651000,886001,561682.61000000,87298400.81849000,0
2025-06-05 00:00:00,153.27,154.61,151.28,152.37,1405210.923,1749124799999,214927146.42476000,698481,675117.17200000,103281213.10818000,0
2025-06-05 12:00:00,152.38,154.41,141.53,144.29,2852830.152,1749167999999,420052691.41684000,1901908,1298504.04600000,191251322.22966000,0
2025-06-06 00:00:00,144.28,149.61,144.11,149.1,1005687.331,1749211199999,147838610.80253000,698676,522963.20400000,76850206.70843000,0
2025-06-06 12:00:00,149.11,152.39,147.68,147.83,1162103.783,1749254399999,174770193.21107000,819258,572650.31400000,86128437.77407000,0
2025-06-07 00:00:00,147.82,152.84,146.84,151.45,722614.75,1749297599999,108645049.30600000,560944,410097.64200000,61621657.14823000,0
2025-06-07 12:00:00,151.45,152.42,149.76,150.06,685589.865,1749340799999,103688790.46654000,480492,296564.22200000,44850666.44138000,0
2025-06-08 00:00:00,150.07,150.51,147.88,149.62,590689.592,1749383999999,88279405.87402000,407909,304155.83100000,45479369.73346000,0
2025-06-08 12:00:00,149.62,155.3,149.02,152.45,973310.774,1749427199999,148594725.96043000,665735,502949.14600000,76766548.17195000,0
2025-06-09 00:00:00,152.45,156.61,149.58,155.62,1288679.093,1749470399999,197159620.70121000,822184,684793.78400000,104853786.91253000,0
2025-06-09 12:00:00,155.62,161.73,153.07,161.16,1791049.172,1749513599999,280946351.02179000,1031162,879137.49400000,137926736.86442000,0
2025-06-10 00:00:00,161.16,161.82,157.15,160.85,1254347.477,1749556799999,199768621.72629000,933445,655495.18000000,104399065.05390000,0
2025-06-10 12:00:00,160.85,165.67,156.32,165.12,2335211.686,1749599999999,378276417.58573000,1693048,1182436.32300000,191619253.17837000,0
2025-06-11 00:00:00,165.12,167.46,163.43,164.5,1737609.475,1749643199999,287552896.93705000,1183569,852581.59400000,141125077.82431000,0
2025-06-11 12:00:00,164.5,168.36,159.21,160.97,2281815.524,1749686399999,375667234.74583000,1512963,1185096.22400000,195389724.38382000,0
2025-06-12 00:00:00,160.98,161.28,157.42,157.72,1211119.812,1749729599999,193108829.85615000,905482,538882.26100000,85940256.28339000,0
2025-06-12 12:00:00,157.72,160.64,152.02,152.32,1672356.873,1749772799999,261741807.55062000,1327303,790664.56200000,123845424.09804000,0
2025-06-13 00:00:00,152.32,152.59,140.21,145.45,3664862.264,1749815999999,530374360.88650000,2207221,1781520.96900000,257649953.44965000,0
2025-06-13 12:00:00,145.45,148.94,143.92,148.6,1674920.519,1749859199999,244796752.44126000,1296722,830142.09700000,121388433.21280000,0
2025-06-14 00:00:00,148.6,148.7,144.93,145.86,717338.89,1749902399999,105125494.87117000,488386,348889.88400000,51157533.53337000,0
2025-06-14 12:00:00,145.85,145.95,141.97,144.64,962655.861,1749945599999,138882021.64400000,733154,399242.63400000,57602887.49352000,0
2025-06-15 00:00:00,144.65,148.1,144.22,146.36,858498.024,1749988799999,125287931.97981000,529343,449658.91600000,65619430.46156000,0
2025-06-15 12:00:00,146.35,153.54,146.16,152.97,1973501.592,1750031999999,297275580.69904000,1239177,1060354.72300000,159723251.59518000,0
2025-06-16 00:00:00,152.97,157.95,150.99,156.48,1876819.306,1750075199999,292122216.77041000,995803,901379.46000000,140326721.31606000,0
2025-06-16 12:00:00,156.48,158.8,150.3,150.72,1696377.479,1750118399999,264156183.29212000,1210838,809034.53500000,126096144.88564000,0
2025-06-17 00:00:00,150.73,154.33,147.47,150.53,1677735.515,1750161599999,254122970.12275000,1190167,827401.43200000,125315281.93481000,0
2025-06-17 12:00:00,150.53,151.43,145.61,147.57,1717913.344,1750204799999,254535177.10198000,1262183,825092.20300000,122340085.45151000,0
2025-06-18 00:00:00,147.58,149.28,145.34,146.52,1042722.889,1750247999999,153902538.71258000,724260,491332.79000000,72519914.90300000,0
2025-06-18 12:00:00,146.52,147.92,143.65,146.34,1758186.091,1750291199999,255953655.00557000,1251570,758942.79100000,110477511.65414000,0
2025-06-19 00:00:00,146.35,147.9,144.85,145.09,1161978.333,1750334399999,169610155.77472000,654287,500888.22300000,73134889.88146000,0
2025-06-19 12:00:00,145.1,147.45,142.92,147.04,1123357.396,1750377599999,162787519.52252000,748650,550483.01600000,79787777.57411000,0
2025-06-20 00:00:00,147.04,148.81,144.3,148.17,897602.436,1750420799999,131903208.87560000,608245,437708.81400000,64307981.40055000,0
2025-06-20 12:00:00,148.17,148.37,135.69,140.11,2495724.773,1750463999999,351263598.20071000,1448581,1181687.11200000,166133218.81114000,0
2025-06-21 00:00:00,140.11,142.6,139.54,142.08,783706.346,1750507199999,110558234.55216000,434940,356205.98300000,50203499.85082000,0
2025-06-21 12:00:00,142.08,142.46,130.9,135.43,2042717.797,1750550399999,279713565.09582000,1323823,891213.13600000,121933536.09310000,0
2025-06-22 00:00:00,135.43,137.62,131.95,133.25,1388398.6,1750593599999,187354799.59646000,1181390,712377.14400000,96217950.76599000,0
2025-06-22 12:00:00,133.26,133.88,126.0,131.71,2863721.423,1750636799999,370502627.94028000,2026397,1445473.12700000,187078267.07678000,0
2025-06-23 00:00:00,131.71,135.01,131.53,134.09,1071643.03,1750679999999,142894563.88427000,693779,510348.41400000,68064084.74483000,0
2025-06-23 12:00:00,134.1,146.92,130.68,144.51,3501504.637,1750723199999,484185016.69281000,2203810,1797811.28900000,249274793.26799000,0
2025-06-24 00:00:00,144.51,146.77,142.31,144.57,1430055.467,1750766399999,206243986.05024000,949997,678750.71000000,97937469.44380000,0
2025-06-24 12:00:00,144.56,146.62,142.84,145.92,1311753.619,1750809599999,189736475.40018000,965619,659303.12600000,95403283.31815000,0
2025-06-25 00:00:00,145.93,147.49,144.88,146.26,927710.112,1750852799999,135448172.31036000,707539,460144.49600000,67188666.07549000,0
2025-06-25 12:00:00,146.26,147.95,142.25,143.57,1305891.797,1750895999999,189085374.88536000,917402,604562.26500000,87616278.67304000,0
2025-06-26 00:00:00,143.57,148.0,143.2,143.65,1014912.874,1750939199999,147200710.24611000,710541,498935.11600000,72415955.52716000,0
2025-06-26 12:00:00,143.65,143.96,138.62,139.06,1507595.068,1750982399999,213788352.34501000,909207,755896.74500000,107189432.33286000,0
2025-06-27 00:00:00,139.05,142.8,137.14,142.15,1091582.526,1751025599999,153233993.19514000,611980,523880.26200000,73480880.45302000,0
2025-06-27 12:00:00,142.15,144.85,140.12,142.09,1380264.624,1751068799999,196709512.87013000,829055,711362.80200000,101462380.80198000,0
2025-06-28 00:00:00,142.09,147.62,141.13,147.15,1385937.244,1751111999999,201336197.71779000,564282,782855.03100000,113575539.48287000,0
2025-06-28 12:00:00,147.14,152.7,145.87,150.72,1271899.438,1751155199999,190037539.97275000,701950,658290.34900000,98463165.87739000,0
2025-06-29 00:00:00,150.73,152.24,149.36,151.68,807785.768,1751198399999,121575700.15736000,451014,441562.18400000,66457077.30661000,0
2025-06-29 12:00:00,151.68,154.77,149.72,153.32,1342240.404,1751241599999,204358965.29345000,699728,628153.69600000,95745386.75410000,0
2025-06-30 00:00:00,153.32,154.08,149.45,150.38,1109135.967,1751284799999,167931893.86675000,542177,504858.59700000,76430610.59094000,0
2025-06-30 12:00:00,150.38,159.99,149.67,154.81,2762254.368,1751327999999,430410765.51319000,1378738,1398964.02400000,217952179.90354000,0
2025-07-01 00:00:00,154.82,155.64,148.14,148.84,1454770.596,1751371199999,219897169.60834000,698954,676267.69300000,102243219.81160000,0
2025-07-01 12:00:00,148.85,149.29,144.85,146.88,1316091.578,1751414399999,193691333.15256000,831229,552629.26500000,81382467.65013000,0
2025-07-02 00:00:00,146.87,149.99,145.85,148.62,826356.084,1751457599999,122859145.41281000,504441,418190.89900000,62186036.29491000,0
2025-07-02 12:00:00,148.61,154.47,147.12,152.27,1826218.195,1751500799999,276707712.17838000,1143560,984845.45900000,149244049.46907000,0
2025-07-03 00:00:00,152.28,156.35,151.77,154.53,1067284.767,1751543999999,164960042.02508000,676330,526106.95700000,81330991.49681000,0
2025-07-03 12:00:00,154.53,155.26,149.86,152.36,1618933.438,1751587199999,246897201.40701000,942871,816604.40700000,124606304.50740000,0
2025-07-04 00:00:00,152.35,153.88,149.02,150.21,998857.414,1751630399999,151266611.82870000,643213,432299.04700000,65453018.82263000,0
2025-07-04 12:00:00,150.22,151.25,145.22,147.7,1309229.322,1751673599999,193034902.48067000,808679,678629.06500000,99972589.29728000,0
2025-07-05 00:00:00,147.69,148.56,146.72,148.18,609989.498,1751716799999,90155206.69581000,356256,278802.47100000,41209645.10463000,0
2025-07-05 12:00:00,148.19,148.7,145.9,147.55,563974.362,1751759999999,82997770.95373000,354202,290444.15400000,42732917.59243000,0
2025-07-06 00:00:00,147.55,148.5,146.78,147.98,471342.306,1751803199999,69518729.21165000,276067,265689.12800000,39190254.49987000,0
2025-07-06 12:00:00,147.99,153.89,147.86,151.86,2015517.412,1751846399999,305235319.98948000,862258,1056880.55400000,160113311.65206000,0
2025-07-07 00:00:00,151.86,153.6,150.24,152.78,777385.402,1751889599999,118119312.94923000,497427,432181.55000000,65677325.63113000,0
2025-07-07 12:00:00,152.79,153.43,147.7,148.88,1397342.321,1751932799999,209835348.21307000,925971,649437.13200000,97513333.74070000,0
2025-07-08 00:00:00,148.89,151.67,147.85,151.31,973075.524,1751975999999,145818385.59061000,531718,458738.17200000,68695429.80388000,0
2025-07-08 12:00:00,151.31,152.88,149.03,151.67,1739793.799,1752019199999,263045706.54380000,775030,864658.29000000,130670641.59211000,0
2025-07-09 00:00:00,151.68,154.43,150.53,153.73,1073821.418,1752062399999,163778994.86936000,483460,528553.46700000,80589144.38629000,0
2025-07-09 12:00:00,153.74,157.93,152.87,157.05,1833398.33,1752105599999,284638635.35574000,1128037,929509.54400000,144356011.30555000,0
2025-07-10 00:00:00,157.06,159.34,155.93,157.65,887196.17,1752148799999,139945654.66529000,572563,458340.47200000,72316810.44513000,0
2025-07-10 12:00:00,157.66,165.43,155.64,164.34,2541186.179,1752191999999,407359581.10119000,1426352,1313599.07200000,210639953.44237000,0
2025-07-11 00:00:00,164.33,166.8,161.94,163.87,1687512.238,1752235199999,277584722.06605000,1050870,840782.91500000,138364728.26729000,0
2025-07-11 12:00:00,163.88,168.2,159.54,162.93,2666667.475,1752278399999,437532194.36476000,1697115,1305328.88800000,214418271.33063000,0
2025-07-12 00:00:00,162.92,163.9,161.41,161.62,768640.805,1752321599999,125196356.40368000,570424,338964.55800000,55240022.77333000,0
2025-07-12 12:00:00,161.62,161.81,157.74,160.69,1274571.137,1752364799999,203451059.31420000,813116,618532.40700000,98731110.99656000,0
2025-07-13 00:00:00,160.7,162.98,160.2,162.06,617169.824,1752407999999,99807900.98044000,436974,303705.07800000,49118213.08756000,0
2025-07-13 12:00:00,162.06,164.19,159.63,161.15,1312576.027,1752451199999,212757142.62043000,815935,671509.53100000,108832179.81590000,0
2025-07-14 00:00:00,161.15,168.65,160.61,166.53,2202966.832,1752494399999,366379922.34584000,1182052,1070703.30600000,178061522.76925000,0
2025-07-14 12:00:00,166.53,168.6,161.67,162.21,1770739.701,1752537599999,291885304.26110000,1186341,892841.91600000,147136606.82266000,0
2025-07-15 00:00:00,162.21,162.89,158.17,159.86,1436292.607,1752580799999,229788090.17153000,965141,592780.27600000,94869890.51354000,0
2025-07-15 12:00:00,159.87,164.26,157.23,163.98,2229003.146,1752623999999,359285769.72800000,1279932,1081817.19100000,174445243.39525000,0
2025-07-16 00:00:00,163.98,167.58,161.51,166.66,1570604.684,1752667199999,259004114.51379000,746538,799965.98900000,131801776.23870000,0
2025-07-16 12:00:00,166.66,176.0,165.4,173.63,3449683.439,1752710399999,590920785.60656000,1827667,1664628.24200000,285339261.39968000,0
2025-07-17 00:00:00,173.62,178.19,168.71,176.17,2131223.924,1752753599999,369400261.35901000,1435060,1163608.89100000,201869265.55476000,0
2025-07-17 12:00:00,176.16,177.54,171.21,175.87,2360331.803,1752796799999,412036960.60842000,1589199,1201868.32100000,209955371.20075000,0
2025-07-18 00:00:00,175.88,184.67,175.29,178.46,2939224.963,1752839999999,531892049.59049000,1581187,1500449.31100000,271474672.37447000,0
2025-07-18 12:00:00,178.45,182.02,173.24,177.28,2252628.205,1752883199999,400001032.78431000,1366791,1124493.54900000,199741956.24430000,0
2025-07-19 00:00:00,177.28,177.81,174.0,176.59,872460.986,1752926399999,154219723.35659000,672382,422576.98400000,74729334.33737000,0
2025-07-19 12:00:00,176.6,178.61,174.8,176.96,1186854.022,1752969599999,209720359.71391000,803132,614246.33300000,108514919.70264000,0
2025-07-20 00:00:00,176.97,181.51,176.33,180.44,1471936.968,1753012799999,263392853.88760000,919588,742678.20400000,132954002.84167000,0
2025-07-20 12:00:00,180.44,183.66,177.8,181.43,2222917.947,1753055999999,402984400.01320000,1395513,1146484.41800000,207956545.30872000,0
2025-07-21 00:00:00,181.44,192.99,178.25,191.4,3002461.218,1753099199999,564015269.12668000,1738200,1526970.78600000,286439243.52307000,0
2025-07-21 12:00:00,191.39,199.28,190.22,195.72,3493445.961,1753142399999,681473733.32906000,2126807,1907169.06500000,372179013.55697000,0
2025-07-22 00:00:00,195.72,204.67,193.75,199.91,5025635.549,1753185599999,999517062.48113000,2955654,2562925.85800000,510306743.28819000,0
2025-07-22 12:00:00,199.91,206.3,196.95,205.7,3609991.624,1753228799999,728869014.68040000,2262429,1872883.27500000,378349181.61189000,0
2025-07-23 00:00:00,205.7,205.75,195.86,197.42,1661423.83,1753271999999,333524996.81477000,1113335,686681.52700000,137915706.82300000,0
2025-07-23 12:00:00,197.41,197.57,183.97,189.4,3886713.669,1753315199999,737457211.64663000,2398515,1751050.21400000,332059651.52388000,0
2025-07-24 00:00:00,189.4,191.87,179.21,186.4,2457561.487,1753358399999,455681353.32343000,1667821,1158196.58600000,214979623.80983000,0
2025-07-24 12:00:00,186.41,191.76,182.01,182.87,2759503.384,1753401599999,515820680.86470000,1852679,1282513.50700000,240077810.33397000,0
2025-07-25 00:00:00,182.88,183.54,175.63,181.12,2658124.603,1753444799999,476821238.56966000,1862809,1337502.52300000,239936873.27142000,0
2025-07-25 12:00:00,181.12,186.85,176.24,186.76,1823185.837,1753487999999,329588141.72843000,1354447,914704.83700000,165437485.23006000,0
2025-07-26 00:00:00,186.75,189.78,184.48,187.74,988534.244,1753531199999,184862302.71453000,615478,500030.02400000,93548786.59832000,0
2025-07-26 12:00:00,187.75,188.48,184.29,184.88,784919.631,1753574399999,146373546.91739000,582118,329232.06200000,61455094.00121000,0
2025-07-27 00:00:00,184.89,188.57,184.53,187.01,709868.497,1753617599999,132818883.90407000,526103,341199.17800000,63840355.99175000,0
2025-07-27 12:00:00,187.02,190.7,184.9,188.64,1523191.636,1753660799999,285801669.50124000,1093115,795012.68000000,149186369.63577000,0
2025-07-28 00:00:00,188.64,195.26,187.66,192.0,1668436.777,1753703999999,320552429.31992000,1206709,815142.19100000,156630360.35057000,0
2025-07-28 12:00:00,192.0,193.52,182.16,183.11,2399435.35,1753747199999,448320650.31646000,1582030,1052457.69800000,196647442.62660000,0
2025-07-29 00:00:00,183.1,186.68,180.67,182.93,1265411.417,1753790399999,232532006.69732000,944881,598615.01800000,110142545.57530000,0
2025-07-29 12:00:00,182.93,184.99,178.3,181.48,1276500.619,1753833599999,231064644.01374000,1214636,548430.34700000,99320284.72148000,0
2025-07-30 00:00:00,181.47,182.56,176.42,177.3,1150543.165,1753876799999,206880759.47258000,943294,490602.86900000,88239779.55634000,0
2025-07-30 12:00:00,177.29,180.59,170.29,177.77,2146707.022,1753919999999,379102323.11405000,1559187,1019380.17000000,179972363.12963000,0
2025-07-31 00:00:00,177.77,182.7,177.62,180.74,885554.56,1753963199999,159927153.98010000,522608,432341.38000000,78086465.26225000,0
2025-07-31 12:00:00,180.75,180.89,171.44,172.22,1739287.223,1754006399999,306478246.72136000,1404736,844856.27100000,148900606.51642000,0
2025-08-01 00:00:00,172.22,172.26,166.19,169.2,2019317.699,1754049599999,342112499.55216000,1524909,921533.70800000,156078526.34208000,0
2025-08-01 12:00:00,169.19,170.35,159.2,162.71,2298211.616,1754092799999,380117747.31903000,1823393,1092189.07100000,180635296.51570000,0
2025-08-02 00:00:00,162.71,165.3,161.82,164.51,711934.177,1754135999999,116609459.84714000,606873,353780.71700000,57963410.91547000,0
2025-08-02 12:00:00,164.5,164.94,155.83,158.48,1496240.898,1754179199999,238503548.99056000,1030815,700024.88600000,111611181.15039000,0
2025-08-03 00:00:00,158.49,162.9,156.28,161.47,855526.484,1754222399999,137309383.43166000,509049,470586.84300000,75559731.33245000,0
2025-08-03 12:00:00,161.47,163.14,160.37,161.97,1442382.827,1754265599999,233186982.39898000,572026,706996.30600000,114313356.28272000,0
2025-08-04 00:00:00,161.98,164.98,161.26,162.38,1066050.831,1754308799999,173757145.87215000,701647,546534.67000000,89130125.50628000,0
2025-08-04 12:00:00,162.39,169.8,162.14,169.55,1622903.327,1754351999999,270509298.51543000,1204238,853190.80600000,142358863.93353000,0
2025-08-05 00:00:00,169.55,171.73,165.66,170.89,1003219.917,1754395199999,169085697.71348000,713680,537069.71100000,90553146.82574000,0
2025-08-05 12:00:00,170.89,171.04,161.3,164.09,1551738.092,1754438399999,255997344.19340000,1397099,677691.48600000,111811327.28216000,0
2025-08-06 00:00:00,164.09,164.79,161.13,164.2,672724.706,1754481599999,109860238.17255000,688595,310305.67100000,50689994.30028000,0
2025-08-06 12:00:00,164.2,169.93,162.65,168.09,1124766.723,1754524799999,188019364.88535000,944014,582592.17000000,97415069.41294000,0
2025-08-07 00:00:00,168.1,173.49,166.7,172.82,1252855.698,1754567999999,213389254.18333000,753218,717309.62700000,122174795.98769000,0
2025-08-07 12:00:00,172.83,175.51,167.0,175.36,1761807.297,1754611199999,302323673.55432000,1075735,877462.22700000,150716341.21122000,0
2025-08-08 00:00:00,175.37,177.95,173.43,177.65,1698286.163,1754654399999,297842592.04276000,1081314,903578.37500000,158562302.78839000,0
2025-08-08 12:00:00,177.65,179.66,174.21,176.78,1980504.492,1754697599999,350922271.58701000,1239701,993723.08100000,176195837.26156000,0
2025-08-09 00:00:00,176.79,183.35,176.64,180.79,1741364.505,1754740799999,313861437.88537000,902461,908966.08500000,163864346.43175000,0
2025-08-09 12:00:00,180.78,183.45,178.92,179.95,1584139.882,1754783999999,286852264.05823000,925052,715661.32900000,129688255.91081000,0
2025-08-10 00:00:00,179.96,186.18,177.51,179.97,2673973.187,1754827199999,487350308.47571000,1325584,1284380.36800000,234343647.93330000,0
2025-08-10 12:00:00,179.98,183.94,178.52,182.66,1523314.1,1754870399999,277137470.68728000,887832,770882.88100000,140323988.60688000,0
2025-08-11 00:00:00,182.67,186.8,178.35,179.08,2049307.827,1754913599999,376629666.76685000,1206482,947133.09100000,174093517.86290000,0
2025-08-11 12:00:00,179.07,181.77,173.43,174.84,1911435.704,1754956799999,339667373.79073000,1334340,911738.22400000,162243648.01901000,0
2025-08-12 00:00:00,174.83,176.74,173.6,175.23,1076198.271,1754999999999,188677283.63610000,643871,562740.01000000,98679732.45023000,0
2025-08-12 12:00:00,175.23,193.76,174.73,191.78,3998149.886,1755043199999,739942100.91042000,1990214,2099784.98500000,388340108.46653000,0
2025-08-13 00:00:00,191.77,202.71,191.48,201.0,3832820.987,1755086399999,757703584.02346000,1912017,1927099.93900000,381040763.55819000,0
2025-08-13 12:00:00,201.0,204.96,194.15,201.51,3315905.292,1755129599999,662943253.27641000,2031909,1606660.50500000,321409121.05924000,0
2025-08-14 00:00:00,201.51,209.86,200.59,203.62,3869274.845,1755172799999,794186834.76152000,2625945,1977753.33800000,406171951.86633000,0
2025-08-14 12:00:00,203.61,205.46,186.68,192.47,5096332.469,1755215999999,990893084.09612000,3226425,2277565.00200000,443004732.45858000,0
2025-08-15 00:00:00,192.46,198.07,191.94,194.32,1561438.496,1755259199999,304814802.39538000,1114094,834107.99400000,162971873.31203000,0
2025-08-15 12:00:00,194.32,196.19,183.3,185.72,2798848.9,1755302399999,524290902.64403000,2002962,1382372.36300000,258815590.88091000,0
2025-08-16 00:00:00,185.71,189.65,185.34,185.74,1240797.722,1755345599999,232519375.10102000,660422,588578.78200000,110328529.57873000,0
2025-08-16 12:00:00,185.75,190.06,185.2,189.6,859020.726,1755388799999,161640546.47406000,734572,495338.31200000,93261428.60249000,0
2025-08-17 00:00:00,189.61,193.87,187.35,193.58,1169960.525,1755431999999,224394419.56890000,769352,619042.98300000,118777705.62121000,0
2025-08-17 12:00:00,193.58,195.89,189.94,190.99,1091595.031,1755475199999,210486834.17538000,815508,549936.59000000,106052679.77374000,0
2025-08-18 00:00:00,191.0,191.33,180.0,181.36,2146579.849,1755518399999,394191933.20570000,1342250,964587.49900000,176985047.59324000,0
2025-08-18 12:00:00,181.37,185.7,180.52,182.94,1227494.848,1755561599999,224600887.69230000,997598,617648.98500000,113018926.66693000,0
2025-08-19 00:00:00,182.94,185.87,177.32,182.66,1499812.534,1755604799999,271038929.38821000,1077326,784574.98000000,141865181.02287000,0
2025-08-19 12:00:00,182.67,183.42,175.69,176.22,1760277.425,1755647999999,314441482.76879000,1476163,833264.56100000,148880279.20195000,0
2025-08-20 00:00:00,176.22,182.25,176.04,180.29,1267511.534,1755691199999,228590931.17869000,931315,682212.40300000,123054842.75922000,0
2025-08-20 12:00:00,180.28,187.97,177.53,187.94,2197446.14,1755734399999,402977721.29982000,1578109,1043886.25700000,191735942.21956000,0
2025-08-21 00:00:00,187.95,190.1,183.48,184.03,1623518.993,1755777599999,303636701.84151000,1087157,812591.85100000,152022192.30000000,0
2025-08-21 12:00:00,184.03,186.42,179.43,180.29,1290992.61,1755820799999,235705523.39587000,1207095,677037.75600000,123687243.57059000,0
2025-08-22 00:00:00,180.3,185.1,179.6,179.63,1141022.992,1755863999999,208419175.08954000,831067,565079.47200000,103243780.76854000,0
2025-08-22 12:00:00,179.63,202.4,177.27,200.69,5453095.397,1755907199999,1048467485.69815000,3197857,2879758.23300000,553394732.41947000,0
2025-08-23 00:00:00,200.69,208.62,195.26,201.98,3683146.126,1755950399999,749206117.79072000,2036682,1899740.47600000,386797586.97314000,0
2025-08-23 12:00:00,201.99,204.86,200.58,204.14,1105494.633,1755993599999,224330722.02880000,840853,525636.70500000,106700935.85428000,0
2025-08-24 00:00:00,204.15,211.99,203.41,204.48,2988077.609,1756036799999,621089360.26162000,1761813,1519054.75700000,315915435.65747000,0
2025-08-24 12:00:00,204.48,211.97,201.09,205.98,4177571.629,1756079999999,860642572.58403000,2526378,2144612.11700000,442168551.16085000,0
2025-08-25 00:00:00,205.99,213.6,195.0,197.55,4377367.729,1756123199999,892772920.58897000,2815706,2041855.55600000,417458025.95923000,0
2025-08-25 12:00:00,197.54,199.5,185.33,187.2,3575733.024,1756166399999,689645774.85260000,2561978,1704412.79400000,328932647.45545000,0
2025-08-26 00:00:00,187.19,190.37,185.58,187.97,2222245.464,1756209599999,417834289.80729000,1768792,1033849.27600000,194494453.05722000,0
2025-08-26 12:00:00,187.98,198.1,187.18,195.86,2512174.058,1756252799999,484178066.62947000,2062642,1348343.33100000,260073566.92902000,0
2025-08-27 00:00:00,195.85,205.7,193.78,205.01,3229070.165,1756295999999,652390923.42727000,2109973,1747292.89600000,353219019.92193000,0
2025-08-27 12:00:00,205.01,212.08,202.57,202.95,4606069.989,1756339199999,952152696.85562000,3033761,2385362.51300000,493671411.63436000,0
2025-08-28 00:00:00,202.95,216.5,201.72,213.14,3728702.736,1756382399999,786316027.24315000,1778099,2042830.62100000,431131005.89916000,0
2025-08-28 12:00:00,213.15,216.89,207.17,214.43,3518603.81,1756425599999,749098246.51431000,2012389,1797111.91700000,382859143.94445000,0
2025-08-29 00:00:00,214.43,218.0,205.34,207.62,4545875.592,1756468799999,965200374.30902000,2322385,2268881.40800000,482431271.82278000,0
2025-08-29 12:00:00,207.61,214.94,199.85,205.08,4061611.005,1756511999999,839467875.69882000,2333449,2016039.76700000,416902161.94665000,0
2025-08-30 00:00:00,205.09,207.06,200.68,202.64,2221037.744,1756555199999,453375561.87150000,1016008,1057864.43600000,215997659.02323000,0
2025-08-30 12:00:00,202.64,203.33,197.52,202.7,1673538.371,1756598399999,335131915.73470000,955657,697771.90800000,139898208.57030000,0
2025-08-31 00:00:00,202.7,206.66,202.23,203.65,1723528.868,1756641599999,352350176.01298000,784648,890063.84700000,182032820.68198000,0
2025-08-31 12:00:00,203.65,205.99,200.28,200.62,1579695.08,1756684799999,321454815.86009000,758489,800402.64400000,162936966.78500000,0
2025-09-01 00:00:00,200.62,204.58,196.03,199.4,2614859.944,1756727999999,522616719.74720000,1543760,1081947.25100000,216411340.17828000,0
2025-09-01 12:00:00,199.41,201.13,194.19,197.32,1849907.829,1756771199999,366158013.76785000,1290184,810104.76500000,160315799.30895000,0
2025-09-02 00:00:00,197.32,204.45,196.77,201.98,1742334.748,1756814399999,351947641.43861000,1005893,929728.97400000,187770734.27421000,0
2025-09-02 12:00:00,201.97,209.68,197.37,209.65,3152302.801,1756857599999,643305656.80051000,1848109,1767745.91200000,361083356.57898000,0
2025-09-03 00:00:00,209.64,211.97,207.42,210.38,2212222.914,1756900799999,463666929.33375000,1077378,1223414.46100000,256451406.95958000,0
2025-09-03 12:00:00,210.37,213.02,208.38,210.77,1850968.769,1756943999999,390202463.37585000,1026715,962292.67500000,202908604.37609000,0
2025-09-04 00:00:00,210.77,211.94,205.68,207.22,1121852.53,1756987199999,233638420.49432000,677559,541070.31100000,112732811.61684000,0
2025-09-04 12:00:00,207.23,208.5,201.84,202.32,1604926.747,1757030399999,328502279.97067000,1007590,753219.46700000,154138413.43394000,0
2025-09-05 00:00:00,202.32,208.43,200.95,206.67,1646382.17,1757073599999,337715895.71995000,798631,803122.54100000,164731753.43653000,0
2025-09-05 12:00:00,206.67,210.0,201.61,203.36,2475013.085,1757116799999,507978314.23458000,1600249,1243266.83800000,255167630.93047000,0
2025-09-06 00:00:00,203.37,204.68,201.8,202.38,716996.782,1757159999999,145641318.42440000,348015,346058.17700000,70326502.67793000,0
2025-09-06 12:00:00,202.38,202.87,199.32,200.16,764504.215,1757203199999,153626785.69557000,445646,335106.57000000,67359302.17143000,0
2025-09-07 00:00:00,200.17,203.99,200.12,203.96,576881.396,1757246399999,116935889.41745000,310492,329132.13000000,66707902.45290000,0
2025-09-07 12:00:00,203.96,207.95,201.48,206.35,1640629.367,1757289599999,335830350.85655000,580839,827781.67900000,169420462.89756000,0
2025-09-08 00:00:00,206.35,215.84,205.59,214.28,2830746.336,1757332799999,595114869.51513000,1196316,1705194.38200000,358462038.55105000,0
2025-09-08 12:00:00,214.28,217.11,212.8,214.11,2898932.599,1757375999999,623640579.29408000,1198659,1545938.50200000,332717792.46688000,0
2025-09-09 00:00:00,214.11,219.79,210.79,217.25,2270163.52,1757419199999,490645555.71622000,1060768,1177678.28400000,254758237.58714000,0
2025-09-09 12:00:00,217.24,218.54,211.69,217.21,2709141.193,1757462399999,583707354.23878000,1211162,1343020.50900000,289379560.23957000,0
2025-09-10 00:00:00,217.22,222.89,215.09,220.25,2311678.887,1757505599999,507239053.53503000,994662,1230664.45700000,270000614.02573000,0
2025-09-10 12:00:00,220.24,226.0,219.74,224.07,2512506.325,1757548799999,560906554.67122000,1296944,1315809.78600000,293808614.93784000,0
2025-09-11 00:00:00,224.06,225.85,221.72,225.03,1481394.598,1757591999999,331811921.04618000,839467,775951.29700000,173893924.73278000,0
2025-09-11 12:00:00,225.04,228.95,222.79,228.73,2870962.403,1757635199999,651012681.55704000,1510889,1593202.29900000,361399995.45869000,0
2025-09-12 00:00:00,228.73,239.86,228.11,239.18,3075545.963,1757678399999,725084433.76191000,1417562,1614401.45200000,380403964.51571000,0
2025-09-12 12:00:00,239.18,244.04,237.56,242.18,2816107.968,1757721599999,676410148.52241000,1326391,1471295.31500000,353512412.28603000,0
2025-09-13 00:00:00,242.18,244.14,240.68,241.93,1638335.476,1757764799999,397613719.60931000,708123,914568.03000000,222012255.04573000,0
2025-09-13 12:00:00,241.93,243.18,235.73,242.38,1667325.789,1757807999999,399797033.69912000,954999,810959.85100000,194579291.66792000,0
2025-09-14 00:00:00,242.38,249.6,242.2,246.09,1956807.356,1757851199999,482075229.16854000,1119987,1022032.52900000,251805565.31409000,0
2025-09-14 12:00:00,246.1,248.45,239.23,239.76,2208363.772,1757894399999,538785525.96975000,1345689,1072336.88600000,261824712.52728000,0
2025-09-15 00:00:00,239.75,244.0,231.55,236.45,2608513.869,1757937599999,619820749.72844000,1414509,1272295.71500000,302372316.97475000,0
2025-09-15 12:00:00,236.46,238.16,230.15,234.31,2125075.75,1757980799999,496975694.07677000,1252948,1096355.08800000,256493453.06025000,0
2025-09-16 00:00:00,234.32,237.03,232.87,235.37,1204096.746,1758023999999,283269088.73108000,754457,663280.61900000,156059064.01045000,0
2025-09-16 12:00:00,235.36,240.95,231.26,236.96,1977530.314,1758067199999,467818021.32064000,1196060,1043440.05200000,246971283.38935000,0
2025-09-17 00:00:00,236.96,238.09,233.2,234.17,1441808.697,1758110399999,339542866.74828000,812857,709079.25400000,166985506.97691000,0
2025-09-17 12:00:00,234.18,246.62,232.23,244.84,3329720.796,1758153599999,791609644.29651000,1882989,1773936.99900000,422121925.39496000,0
2025-09-18 00:00:00,244.84,247.99,242.58,245.97,1686190.958,1758196799999,414389648.48922000,913307,884725.22300000,217462021.78340000,0
2025-09-18 12:00:00,245.96,253.51,245.01,247.5,2230699.95,1758239999999,555158105.69175000,1199110,1275389.41500000,317504146.27707000,0
2025-09-19 00:00:00,247.5,248.57,240.0,240.91,1599139.975,1758283199999,390898289.33575000,825836,753730.47400000,184382299.82262000,0
2025-09-19 12:00:00,240.92,242.71,235.12,238.53,1785845.723,1758326399999,425573919.55447000,991396,847205.87500000,201940581.13107000,0
2025-09-20 00:00:00,238.53,239.96,236.91,238.14,679642.613,1758369599999,162148921.75032000,478969,317414.04500000,75759830.38925000,0
2025-09-20 12:00:00,238.14,241.22,237.05,239.48,870846.602,1758412799999,208480937.22383000,475166,482148.01900000,115428578.42779000,0
2025-09-21 00:00:00,239.48,241.82,237.1,238.64,685577.956,1758455999999,164437429.45994000,494198,318895.39800000,76520613.11043000,0
2025-09-21 12:00:00,238.64,240.28,235.32,236.16,706860.02,1758499199999,167912154.13007000,518784,329489.87200000,78274573.93804000,0
2025-09-22 00:00:00,236.16,236.96,214.5,221.49,3794105.906,1758542399999,856470248.35435000,1754137,1825773.71700000,412202384.38439000,0
2025-09-22 12:00:00,221.49,224.03,216.45,220.38,2042487.797,1758585599999,450232076.55044000,1208610,1074304.35300000,236978704.74424000,0
2025-09-23 00:00:00,220.39,221.41,212.34,219.34,1891971.603,1758628799999,411114493.79522000,971607,917053.92700000,199522188.24087000,0
2025-09-23 12:00:00,219.33,221.71,212.96,213.3,1556936.865,1758671999999,338280513.90097000,1113102,754818.33400000,164248811.04240000,0
2025-09-24 00:00:00,213.29,216.45,204.81,212.35,3086476.007,1758715199999,648476276.29839000,1405120,1650544.02200000,346675394.59346000,0
2025-09-24 12:00:00,212.36,216.24,210.72,211.6,1340981.519,1758758399999,286247576.66149000,914541,693535.97100000,148092826.72912000,0
2025-09-25 00:00:00,211.61,212.44,200.69,201.35,2545502.233,1758801599999,523300551.25435000,1531423,1223152.60900000,251558228.29423000,0
2025-09-25 12:00:00,201.34,204.06,191.32,192.74,4215755.058,1758844799999,833574265.39168000,2040912,1852367.74100000,366728789.61986000,0
2025-09-26 00:00:00,192.73,197.55,190.8,193.47,2307083.621,1758887999999,449653726.22298000,1361789,1182845.60900000,230661293.87829000,0
2025-09-26 12:00:00,193.46,205.52,192.15,205.17,3316119.253,1758931199999,657783833.42464000,1587628,1849501.25400000,367201938.81717000,0
2025-09-27 00:00:00,205.16,205.43,199.88,201.71,1201376.139,1758974399999,243813283.60507000,605041,543616.12100000,110341580.45916000,0
2025-09-27 12:00:00,201.71,204.89,200.85,203.46,903557.276,1759017599999,182975077.87509000,537922,510229.53100000,103324815.72892000,0
2025-09-28 00:00:00,203.47,204.07,199.23,199.86,804314.121,1759060799999,162141533.53858000,521716,371343.56900000,74864869.04663000,0
2025-09-28 12:00:00,199.86,211.0,198.0,210.83,1389945.953,1759103999999,285033707.16463000,779891,798163.62700000,163868207.74965000,0
2025-09-29 00:00:00,210.83,210.89,206.02,207.07,1163683.727,1759147199999,243236362.54755000,692670,545074.59300000,113938410.96789000,0
2025-09-29 12:00:00,207.07,214.74,204.58,212.75,2049415.124,1759190399999,431556788.24425000,1216061,1155360.13400000,243367177.46214000,0
2025-09-30 00:00:00,212.74,213.67,205.53,207.08,1343345.205,1759233599999,281300514.90423000,793826,634909.07700000,132882612.80665000,0
2025-09-30 12:00:00,207.07,210.98,204.29,208.68,1921436.28,1759276799999,398346705.21501000,1128460,994129.12700000,206092092.78818000,0
2025-10-01 00:00:00,208.68,217.95,206.31,217.75,2199637.702,1759319999999,467599519.00951000,1142718,1122584.18000000,238578567.97227000,0
2025-10-01 12:00:00,217.75,222.77,217.16,222.04,1850623.219,1759363199999,406066535.97418000,976289,989916.58000000,217283941.34382000,0
2025-10-02 00:00:00,222.04,226.74,219.52,225.27,1894816.7,1759406399999,423903468.06708000,1045008,992166.60400000,222104630.53863000,0
2025-10-02 12:00:00,225.28,234.99,222.61,234.74,2695879.688,1759449599999,617840480.08440000,1505508,1438731.16800000,330103062.71522000,0
2025-10-03 00:00:00,234.74,234.84,227.68,230.78,1594274.835,1759492799999,368267657.59191000,935006,713499.53500000,164884564.87826000,0
2025-10-03 12:00:00,230.79,237.0,227.13,232.84,2622336.779,1759535999999,608851090.50010000,1697752,1275947.02500000,296485898.32475000,0
2025-10-04 00:00:00,232.84,234.05,227.93,229.19,877041.387,1759579199999,201635534.18084000,669129,400448.05300000,92051467.04982000,0
2025-10-04 12:00:00,229.19,229.84,224.07,227.86,964369.218,1759622399999,218454133.91351000,623465,447559.51400000,101478161.20862000,0
2025-10-05 00:00:00,227.86,237.22,226.45,232.66,2007200.906,1759665599999,467364666.63185000,1263085,1045901.85100000,243488022.59030000,0
2025-10-05 12:00:00,232.66,232.67,226.7,228.56,1092432.62,1759708799999,250639356.58959000,772215,545406.00000000,125166727.23230000,0
2025-10-06 00:00:00,228.56,234.86,227.55,233.02,1369891.359,1759751999999,317651401.67980000,960476,632586.35100000,146621839.16635000,0
2025-10-06 12:00:00,233.02,237.79,231.64,232.35,1612037.016,1759795199999,378586528.62756000,1225636,782899.83000000,183920955.59555000,0
2025-10-07 00:00:00,232.35,235.21,228.22,230.44,1571006.323,1759838399999,363690572.09365000,964014,687277.11800000,159163474.48529000,0
2025-10-07 12:00:00,230.44,231.59,219.7,219.97,2830039.434,1759881599999,635382834.31253000,1589682,1196694.47100000,268557243.28646000,0
2025-10-08 00:00:00,219.98,222.78,217.3,221.2,1392441.229,1759924799999,306890955.47490000,949291,622531.78000000,137333057.75395000,0
2025-10-08 12:00:00,221.2,229.72,218.78,229.02,1711319.416,1759967999999,385278489.16634000,1205429,898627.73100000,202134331.44962000,0
2025-10-09 00:00:00,229.03,229.69,219.32,223.14,1604630.655,1760011199999,360897759.36096000,976743,738048.21400000,166114821.60627000,0
2025-10-09 12:00:00,223.14,226.32,216.53,220.93,1668322.776,1760054399999,367545292.62348000,1382308,817314.76900000,180079252.59516000,0
2025-10-10 00:00:00,220.93,222.9,217.4,221.14,1168642.65,1760097599999,257565245.17525000,842772,528639.26900000,116481479.51985000,0
2025-10-10 12:00:00,221.15,224.46,168.79,188.43,8454192.779,1760140799999,1676198902.52919000,5009471,3862102.66800000,765098981.14168000,0
2025-10-11 00:00:00,188.43,191.05,180.0,183.85,4436413.24,1760183999999,821922376.79582000,3774966,2173780.95200000,402922337.22404000,0
2025-10-11 12:00:00,183.85,185.05,172.58,177.62,2855974.008,1760227199999,514752205.04095000,2226759,1293616.95500000,233149661.65177000,0
2025-10-12 00:00:00,177.63,182.97,173.0,180.96,2257167.881,1760270399999,404662788.81542000,1574935,1174934.70100000,210526031.51918000,0
2025-10-12 12:00:00,180.96,199.0,178.2,197.0,4229831.84,1760313599999,807370691.48667000,2673092,2250959.42800000,429639128.82342000,0
2025-10-13 00:00:00,196.99,199.99,190.02,192.56,2458181.284,1760356799999,481699826.05953000,1629267,1239092.21600000,242932337.27953000,0
2025-10-13 12:00:00,192.56,209.28,191.31,208.69,3794980.227,1760399999999,761951104.43945000,1963599,1993464.74600000,400422644.35357000,0
2025-10-14 00:00:00,208.69,211.25,191.03,195.32,3898396.367,1760443199999,780572937.38475000,2097210,1805160.81500000,361470996.32236000,0
2025-10-14 12:00:00,195.33,206.48,191.5,202.44,3450771.508,1760486399999,687608646.90726000,2169219,1766578.09500000,351810514.66980000,0
2025-10-15 00:00:00,202.45,208.91,200.47,202.6,2280105.297,1760529599999,465464561.87469000,1457231,1148990.63000000,234804041.54731000,0
2025-10-15 12:00:00,202.59,204.87,192.04,193.84,3089050.142,1760572799999,611995389.41711000,2005015,1410200.74100000,279768667.95294000,0
2025-10-16 00:00:00,193.84,197.16,186.37,196.81,2226727.088,1760615999999,430557156.55514000,1416229,1053078.61300000,203855090.82686000,0
2025-10-16 12:00:00,196.82,198.42,182.03,184.85,3177913.575,1760659199999,601350295.34596000,2568356,1534960.29400000,290561291.93909000,0
2025-10-17 00:00:00,184.84,187.55,174.06,181.45,3602198.255,1760702399999,650447454.18256000,2817530,1772104.99400000,320094869.27546000,0
2025-10-17 12:00:00,181.44,186.04,176.25,181.96,2500710.622,1760745599999,454683925.53255000,2172513,1307526.80500000,237892477.73437000,0
2025-10-18 00:00:00,181.97,188.26,181.75,186.1,1358815.773,1760788799999,251850181.36933000,974931,702162.16700000,130181290.39121000,0
2025-10-18 12:00:00,186.11,187.84,183.2,187.56,747025.322,1760831999999,138614449.43540000,696221,380600.93300000,70654642.41374000,0
2025-10-19 00:00:00,187.55,190.05,183.19,188.99,1223711.415,1760875199999,228565230.45137000,1010827,615878.18500000,115111140.09697000,0
2025-10-19 12:00:00,189.0,192.29,186.83,187.86,1260253.185,1760918399999,239338121.31469000,913311,632598.68400000,120205341.58398000,0
2025-10-20 00:00:00,187.86,194.5,183.82,192.2,1719393.544,1760961599999,326692316.95909000,1282890,909998.80000000,172752857.87397000,0
2025-10-20 12:00:00,192.21,192.99,185.56,189.71,1458607.955,1761004799999,276432922.31728000,1150686,709223.22700000,134406985.43486000,0
2025-10-21 00:00:00,189.71,190.21,182.72,186.29,1491049.782,1761047999999,276487859.83785000,982948,669219.85700000,124222644.33718000,0
2025-10-21 12:00:00,186.28,197.71,183.94,185.63,3160032.839,1761091199999,606179907.29396000,2010781,1489302.20400000,285852664.71437000,0
2025-10-22 00:00:00,185.62,187.45,181.92,185.05,1514422.453,1761134399999,280020054.67175000,1015772,758313.51100000,140342438.26527000,0
2025-10-22 12:00:00,185.05,186.91,177.04,180.12,2462582.262,1761177599999,448416081.93043000,1933313,1179150.00700000,214922258.54524000,0
2025-10-23 00:00:00,180.13,189.49,179.68,187.98,1433657.7,1761220799999,266439936.55297000,828398,723971.23200000,134472728.14056000,0
2025-10-23 12:00:00,187.98,193.45,186.6,191.35,2068301.415,1761263999999,394036191.86764000,1296450,1013096.42000000,193061669.34946000,0
2025-10-24 00:00:00,191.36,194.6,190.58,192.13,1246870.168,1761307199999,240144687.40223000,735399,639332.29200000,123177291.32237000,0
2025-10-24 12:00:00,192.13,197.0,188.83,193.59,2109892.458,1761350399999,405359392.40654000,1018121,1033874.62300000,198814638.92589000,0
2025-10-25 00:00:00,193.58,195.25,191.19,192.71,914186.112,1761393599999,176929071.00422000,455976,414386.64700000,80216395.33171000,0
2025-10-25 12:00:00,192.7,194.91,191.42,193.84,712652.826,1761436799999,137736569.87209000,418181,345240.70300000,66689000.54413000,0
2025-10-26 00:00:00,193.84,197.9,191.9,197.75,975648.6,1761479999999,190064015.57800000,506531,481747.90900000,93944269.32935000,0
2025-10-26 12:00:00,197.74,202.43,196.86,200.03,1602101.53,1761523199999,319057264.85637000,845275,806488.00000000,160731906.56036000,0
2025-10-27 00:00:00,200.03,205.33,198.02,200.18,2051397.069,1761566399999,415116925.84298000,1067038,905574.86700000,183334173.02886000,0
2025-10-27 12:00:00,200.18,203.25,197.34,198.7,1464212.318,1761609599999,293219649.56932000,1118249,749602.18400000,150182266.71571000,0
2025-10-28 00:00:00,198.71,203.99,198.41,199.73,1474343.729,1761652799999,296476959.92219000,929190,754009.80800000,151679618.98494000,0
2025-10-28 12:00:00,199.73,203.03,190.22,194.15,2854826.232,1761695999999,562977279.44557000,1790290,1308259.22400000,258157331.40708000,0
2025-10-29 00:00:00,194.16,199.37,192.68,198.74,1243665.701,1761739199999,242997870.10587000,766301,571334.71100000,111818148.21592000,0
2025-10-29 12:00:00,198.74,201.7,189.37,193.88,3377222.128,1761782399999,661298350.26676000,2317184,1533627.27000000,300275914.40590000,0
2025-10-30 00:00:00,193.89,198.19,190.35,191.85,2025617.202,1761825599999,392869767.86964000,1513633,955520.00100000,185525770.20039000,0
2025-10-30 12:00:00,191.85,192.06,178.65,184.69,3028921.061,1761868799999,558697605.50081000,2168195,1419645.64900000,261637219.06829000,0
2025-10-31 00:00:00,184.69,189.22,183.7,188.89,1547884.574,1761911999999,287708988.70020000,916009,787488.55500000,146396887.45154000,0
2025-10-31 12:00:00,188.89,190.26,184.38,187.21,1645509.266,1761955199999,308266749.97509000,1220985,889431.06800000,166719254.49345000,0
2025-11-01 00:00:00,187.21,187.55,185.0,186.22,707038.804,1761998399999,131719152.45099000,453326,352930.29400000,65756182.78195000,0
2025-11-01 12:00:00,186.22,187.12,183.79,186.35,777466.416,1762041599999,144397586.77930000,524484,384115.49900000,71311136.16774000,0
2025-11-02 00:00:00,186.35,188.34,184.45,186.15,815780.903,1762084799999,151904818.38967000,537198,436310.84300000,81236022.28706000,0
2025-11-02 12:00:00,186.14,188.1,182.0,187.71,945516.654,1762127999999,174729495.94385000,708598,450966.99400000,83410138.16113000,0
2025-11-03 00:00:00,187.71,189.13,173.0,175.32,2960747.894,1762171199999,528061749.00624000,1628166,1332153.26000000,237787403.12040000,0
2025-11-03 12:00:00,175.32,176.95,163.15,166.06,4366865.169,1762214399999,735987579.01100000,2282417,2005617.89200000,338211744.04860000,0
2025-11-04 00:00:00,166.06,168.42,155.87,161.71,3061850.67,1762257599999,493187084.78624000,2101349,1518047.38400000,244639798.71484000,0
2025-11-04 12:00:00,161.71,165.27,145.85,155.03,5226726.895,1762300799999,811601515.44266000,3472556,2587785.29800000,402602024.93667000,0
2025-11-05 00:00:00,155.04,158.62,147.29,157.48,2618765.295,1762343999999,405173466.93784000,2036381,1329624.55800000,205971503.61814000,0
2025-11-05 12:00:00,157.48,163.97,156.77,162.37,2031766.393,1762387199999,326396839.70557000,1407702,1066166.96300000,171291927.39833000,0
2025-11-06 00:00:00,162.37,162.91,157.66,158.85,1484370.741,1762430399999,237708391.35811000,1004172,713064.45500000,114208062.78810000,0
2025-11-06 12:00:00,158.85,161.51,153.45,155.28,2092382.586,1762473599999,328422371.50307000,1728313,987861.41600000,155108611.89263000,0
2025-11-07 00:00:00,155.27,158.62,151.67,153.85,1417683.036,1762516799999,220876553.95689000,1429328,683634.28700000,106582404.46497000,0
2025-11-07 12:00:00,153.86,164.48,149.82,161.79,2795394.936,1762559999999,440575089.62197000,2233380,1497333.80500000,235657992.80299000,0
2025-11-08 00:00:00,161.8,164.89,159.01,159.39,1315047.079,1762603199999,212786410.76574000,990423,587399.16600000,95197144.89956000,0
2025-11-08 12:00:00,159.39,159.7,155.8,158.02,1187880.161,1762646399999,187209892.39549000,850967,569243.38000000,89719115.87057000,0
2025-11-09 00:00:00,158.01,159.94,155.11,159.06,999524.243,1762689599999,157730887.67862000,695803,480730.89300000,75892545.65777000,0
2025-11-09 12:00:00,159.06,166.57,158.59,164.53,2232265.332,1762732799999,362977174.41687000,1275059,1246084.48600000,202653564.22470000,0
2025-11-10 00:00:00,164.53,169.81,163.42,168.33,1690358.893,1762775999999,283245851.86702000,1236165,831835.08000000,139428165.76892000,0
2025-11-10 12:00:00,168.32,170.48,164.81,167.31,1938602.233,1762819199999,323865257.41134000,1266415,829282.28500000,138641847.48966000,0
2025-11-11 00:00:00,167.31,171.94,162.7,163.69,2252961.292,1762862399999,374929286.64354000,1416596,1037664.02200000,172974154.60499000,0
2025-11-11 12:00:00,163.69,164.37,153.93,154.63,2449142.921,1762905599999,391520638.90938000,1260688,1066036.26700000,170338484.15158000,0
2025-11-12 00:00:00,154.63,161.14,153.59,160.03,1945276.084,1762948799999,304687572.33406000,1029583,895967.83300000,140375188.66034000,0
2025-11-12 12:00:00,160.03,161.06,151.2,153.42,2193929.383,1762991999999,340881064.18474000,1483036,995388.84400000,154544582.14952000,0
2025-11-13 00:00:00,153.43,157.2,150.42,156.3,1752461.692,1763035199999,271032271.04317000,1054354,931375.38300000,144075144.38043000,0
2025-11-13 12:00:00,156.3,156.96,141.04,144.73,3665728.005,1763078399999,541513729.87006000,2208144,1738450.88500000,256281598.70041000,0
2025-11-14 00:00:00,144.74,145.68,138.71,140.77,2891844.102,1763121599999,411385901.80044000,2008654,1262031.02900000,179636181.18860000,0
2025-11-14 12:00:00,140.76,144.22,135.76,138.92,3284581.045,1763164799999,459789739.53076000,2472948,1692374.81600000,237037920.79612000,0
2025-11-15 00:00:00,138.93,143.59,138.75,140.22,1165668.712,1763207999999,165359026.84237000,824145,604115.37800000,85695121.13851000,0
2025-11-15 12:00:00,140.21,144.69,138.61,139.61,1185809.31,1763251199999,167634020.94088000,723976,611460.50800000,86424865.52259000,0
2025-11-16 00:00:00,139.6,143.38,137.39,139.92,1094707.538,1763294399999,154211284.93346000,816861,553395.62400000,77959907.72915000,0
2025-11-16 12:00:00,139.91,140.85,134.42,137.17,2290726.746,1763337599999,314148401.72491000,1653428,1065933.32700000,146241741.73037000,0
2025-11-17 00:00:00,137.17,142.8,136.09,141.9,1590407.293,1763380799999,223136344.20721000,988255,840386.39100000,117774252.79495000,0
2025-11-17 12:00:00,141.9,143.28,128.82,130.99,4034313.482,1763423999999,543376366.90142000,2498646,2015849.97100000,271422714.26493000,0
2025-11-18 00:00:00,131.0,139.12,129.0,137.88,3385414.724,1763467199999,457010676.07339000,1841959,1744642.24900000,235556372.82703000,0
2025-11-18 12:00:00,137.88,142.17,136.84,140.69,2143434.086,1763510399999,299994624.47381000,1452236,1134051.57000000,158870431.11207000,0
2025-11-19 00:00:00,140.68,142.84,137.12,138.56,1649293.985,1763553599999,230426961.75390000,1043854,816123.53000000,113983038.38558000,0
2025-11-19 12:00:00,138.57,139.23,130.53,137.06,2619173.059,1763596799999,353284793.14960000,1724916,1209526.02300000,163100408.67521000,0
2025-11-20 00:00:00,137.06,144.8,136.38,142.12,2701839.289,1763639999999,384996411.48066000,1048056,1314240.34900000,187163671.29789000,0
2025-11-20 12:00:00,142.12,143.39,131.11,133.67,4346414.935,1763683199999,587671999.31561000,2496549,2197772.37500000,297036254.75374000,0
2025-11-21 00:00:00,133.67,135.06,122.2,124.32,4464185.43,1763726399999,574204618.46049000,2441635,2005095.78500000,257908219.52411000,0
2025-11-21 12:00:00,124.32,130.62,121.66,128.68,3821700.263,1763769599999,485010157.28378000,2657041,1951713.41500000,247836402.54859000,0
2025-11-22 00:00:00,128.69,129.94,125.32,126.68,1471614.026,1763812799999,187230457.24166000,1097768,751033.33900000,95561024.04737000,0
2025-11-22 12:00:00,126.68,128.92,125.08,127.59,1140873.833,1763855999999,145070691.85899000,796043,596087.14200000,75804991.98370000,0
2025-11-23 00:00:00,127.6,131.9,127.56,129.75,1282398.488,1763899199999,166262703.98194000,757174,682768.37700000,88541742.07482000,0
2025-11-23 12:00:00,129.76,133.54,129.65,130.58,1536316.702,1763942399999,202464552.46913000,928972,823859.31200000,108634040.31332000,0
2025-11-24 00:00:00,130.58,134.41,128.44,129.62,1891807.056,1763985599999,248239340.43905000,1283703,875598.20300000,114889123.60553000,0
2025-11-24 12:00:00,129.61,139.87,128.54,138.44,2853049.99,1764028799999,384630516.26181000,1376235,1400537.09200000,188561400.28667000,0
2025-11-25 00:00:00,138.43,138.99,134.73,136.29,1139751.829,1764071999999,156218256.95922000,788851,518301.42800000,71090938.79975000,0
2025-11-25 12:00:00,136.29,140.5,133.13,138.96,1855068.024,1764115199999,253008066.37122000,1321593,901735.58900000,123150862.62423000,0
2025-11-26 00:00:00,138.96,140.68,136.21,136.87,1371562.349,1764158399999,190032033.69921000,724937,529719.66400000,73381556.81573000,0
2025-11-26 12:00:00,136.86,144.75,135.5,143.02,2650300.321,1764201599999,372062503.52631000,1375255,1356875.96000000,190068715.49999000,0
2025-11-27 00:00:00,143.01,144.29,141.51,142.08,1088313.681,1764244799999,155557014.54282000,615288,518716.71600000,74142898.03110000,0
2025-11-27 12:00:00,142.08,143.15,140.47,140.85,1243359.508,1764287999999,176361067.18867000,603423,639542.94600000,90701468.89291000,0
2025-11-28 00:00:00,140.85,142.64,138.59,140.99,1366281.749,1764331199999,191979547.99400000,683785,671268.00400000,94382835.83536000,0
2025-11-28 12:00:00,140.99,143.6,136.01,137.33,2136228.282,1764374399999,298619148.88963000,930293,1043308.89200000,146080844.29863000,0
2025-11-29 00:00:00,137.33,137.89,136.22,137.33,828361.936,1764417599999,113580862.63272000,332108,307973.34500000,42235865.50763000,0
2025-11-29 12:00:00,137.33,138.1,134.76,135.91,1030959.235,1764460799999,140592262.99579000,416984,507049.06300000,69159229.30569000,0
2025-11-30 00:00:00,135.92,137.1,135.25,136.42,922565.536,1764503999999,125755192.41623000,368146,372298.29200000,50743823.53176000,0
2025-11-30 12:00:00,136.43,140.19,133.26,133.48,1685599.793,1764547199999,232127032.25620000,623406,798369.27900000,109985989.17645000,0
2025-12-01 00:00:00,133.48,133.74,125.81,127.12,2505448.149,1764590399999,322000366.05666000,1249204,1194394.67700000,153350918.00356000,0
2025-12-01 12:00:00,127.12,127.72,123.11,126.66,2502055.908,1764633599999,313198463.31688000,1289808,1219893.03100000,152761013.01916000,0
2025-12-02 00:00:00,126.66,128.84,126.01,128.31,1135249.87,1764676799999,144439811.98010000,692740,611565.34800000,77823124.17581000,0
2025-12-02 12:00:00,128.32,140.88,128.2,138.68,3887606.877,1764719999999,530667019.87329000,1809952,1930541.11100000,262839787.43232000,0
2025-12-03 00:00:00,138.67,144.26,137.76,141.72,1685604.125,1764763199999,237770394.99190000,814879,899205.12800000,126867333.16832000,0
2025-12-03 12:00:00,141.72,146.08,138.78,144.67,2268540.68,1764806399999,322740946.40816000,1326015,1160229.40500000,165309215.80834000,0
2025-12-04 00:00:00,144.67,146.91,142.64,143.06,1079666.729,1764849599999,155638831.35392000,756512,500416.94300000,72185853.25912000,0
2025-12-04 12:00:00,143.05,144.26,137.8,139.01,1614575.512,1764892799999,227990390.58421000,1062935,787974.37400000,111294605.06586000,0
2025-12-05 00:00:00,139.01,140.75,136.13,137.02,1384870.2,1764935999999,191704434.10657000,649794,709887.78800000,98233772.62191000,0
2025-12-05 12:00:00,137.01,137.2,130.73,133.29,1982488.943,1764979199999,265467593.01951000,1255113,1000190.84700000,133827881.08375000,0
2025-12-06 00:00:00,133.29,134.13,131.88,133.22,523619.479,1765022399999,69682307.23654000,406805,228596.12000000,30437582.05483000,0
2025-12-06 12:00:00,133.23,133.99,131.28,132.19,817975.952,1765065599999,108594302.72606000,486247,439730.77500000,58388859.21591000,0
2025-12-07 00:00:00,132.2,133.59,131.53,132.44,546166.719,1765108799999,72375166.87143000,337312,262671.13400000,34786116.68264000,0
2025-12-07 12:00:00,132.43,136.35,127.7,132.24,2585637.772,1765151999999,341421949.49538000,1476779,1247884.38300000,164827090.43108000,0
2025-12-08 00:00:00,132.25,139.36,131.52,138.37,1270830.362,1765195199999,172613313.35271000,806259,667533.39700000,90601320.98040000,0
2025-12-08 12:00:00,138.37,139.32,132.45,133.25,1974285.064,1765238399999,267652325.57566000,1236633,999049.08000000,135324364.66232000,0
2025-12-09 00:00:00,133.24,134.42,131.77,132.95,967818.603,1765281599999,128585619.28569000,555390,459532.65200000,61077256.74783000,0
2025-12-09 12:00:00,132.95,144.93,131.62,137.88,3540703.431,1765324799999,494948071.50311000,1867209,1752228.09100000,244802446.78532000,0
2025-12-10 00:00:00,137.87,140.22,136.33,137.24,1545007.524,1765367999999,213496996.35919000,739756,800572.41900000,110671555.68658000,0
2025-12-10 12:00:00,137.23,142.57,135.39,136.26,2975222.752,1765411199999,411049009.66805000,1877588,1487074.80700000,205547233.29852000,0
2025-12-11 00:00:00,136.26,136.43,129.0,130.93,2112877.775,1765454399999,277659733.86563000,1076760,987263.27300000,129717159.33771000,0
2025-12-11 12:00:00,130.93,137.79,129.84,136.41,2264819.261,1765497599999,303602634.32962000,1276582,1074642.17300000,144032226.96024000,0
2025-12-12 00:00:00,136.41,140.12,135.35,138.71,1467573.963,1765540799999,202340051.41296000,774764,788380.92200000,108680727.29737000,0
2025-12-12 12:00:00,138.72,139.86,130.35,132.27,2538034.299,1765583999999,340574514.77644000,1425335,1221950.64300000,164011062.87086000,0
2025-12-13 00:00:00,132.28,134.28,132.28,133.32,716613.693,1765627199999,95445919.28038000,302787,308232.86200000,41053128.77911000,0
2025-12-13 12:00:00,133.31,133.82,131.6,133.14,755870.042,1765670399999,100344645.62750000,364258,385814.25600000,51190461.99651000,0
2025-12-14 00:00:00,133.13,133.66,130.14,131.47,830707.435,1765713599999,109902975.34149000,369361,390410.34700000,51654390.44512000,0
2025-12-14 12:00:00,131.46,131.9,127.98,129.4,900907.202,1765756799999,117269829.16006000,592264,406409.35100000,52936250.79310000,0
2025-12-15 00:00:00,129.39,133.25,129.29,132.26,971191.077,1765799999999,128046435.80691000,519637,465751.09700000,61368008.72401000,0
2025-12-15 12:00:00,132.25,135.43,123.63,127.81,2951239.923,1765843199999,377525983.46771000,1617592,1519262.04400000,194303002.92145000,0
2025-12-16 00:00:00,127.81,129.04,124.87,128.63,1134227.669,1765886399999,143810842.53891000,725228,523141.62800000,66390087.17163000,0
2025-12-16 12:00:00,128.62,130.14,126.11,129.15,1750556.329,1765929599999,224507772.63122000,1118356,876524.38600000,112445268.87349000,0
2025-12-17 00:00:00,129.15,129.82,125.96,127.62,836077.495,1765972799999,106922907.86287000,458037,414236.78200000,52981802.24729000,0
2025-12-17 12:00:00,127.62,133.99,121.36,123.27,3689502.721,1766015999999,467389666.52825000,1899817,1838688.28000000,232702220.37109000,0
2025-12-18 00:00:00,123.28,124.16,122.21,124.07,851256.89,1766059199999,105004105.58256000,472229,423749.10400000,52270664.16754000,0
2025-12-18 12:00:00,124.07,129.05,116.88,119.6,3939538.118,1766102399999,484272408.39307000,1947388,2031984.41000000,249778984.29853000,0
2025-12-19 00:00:00,119.6,125.74,117.61,125.36,1817274.814,1766145599999,222508557.45374000,973104,975523.01000000,119553962.29906000,0
2025-12-19 12:00:00,125.36,127.87,123.59,126.27,2273273.778,1766188799999,286116035.76470000,1108967,1092033.89000000,137512231.46436000,0
2025-12-20 00:00:00,126.27,126.89,125.3,126.47,568126.488,1766231999999,71673959.34865000,259746,289976.00600000,36581358.27454000,0
2025-12-20 12:00:00,126.47,126.71,125.45,125.81,661227.098,1766275199999,83396653.71674000,228460,280949.58800000,35427011.70002000,0
2025-12-21 00:00:00,125.8,126.62,124.68,125.48,728971.52,1766318399999,91519486.56387000,286740,408261.62700000,51255707.74899000,0
2025-12-21 12:00:00,125.47,126.35,123.4,126.03,1083131.669,1766361599999,135489838.99995000,552824,480689.62400000,60114174.02872000,0
2025-12-22 00:00:00,126.03,128.56,124.5,127.01,1167270.416,1766404799999,147549369.52054000,569182,622993.13000000,78733616.62421000,0
2025-12-22 12:00:00,127.0,128.78,124.2,125.93,1500318.73,1766447999999,189807616.09590000,712881,767781.13700000,97128189.14139000,0
2025-12-23 00:00:00,125.93,126.93,123.77,124.86,847174.149,1766491199999,105921693.01364000,437170,435056.93100000,54388336.94815000,0
2025-12-23 12:00:00,124.85,125.65,122.16,124.01,1592856.723,1766534399999,197236996.98680000,777168,737842.52100000,91365598.81292000,0
2025-12-24 00:00:00,124.02,124.3,120.63,122.04,808335.885,1766577599999,98681285.28108000,441029,413096.50300000,50442543.22869000,0
2025-12-24 12:00:00,122.04,123.46,120.7,122.53,797114.613,1766620799999,97585049.60803000,450190,410975.73400000,50312395.47918000,0
2025-12-25 00:00:00,122.52,123.15,121.31,121.65,538435.69,1766663999999,65813555.35336000,205001,296846.08900000,36292218.73374000,0
2025-12-25 12:00:00,121.65,124.46,119.71,120.06,1279889.458,1766707199999,156852458.04274000,415762,592465.77100000,72581488.29474000,0
2025-12-26 00:00:00,120.05,124.39,119.24,123.84,1872227.541,1766750399999,229704453.29136000,576928,1000653.56900000,122775051.14315000,0
2025-12-26 12:00:00,123.83,125.14,120.45,122.26,1454289.021,1766793599999,178089336.30944000,665867,709267.74100000,86867797.07895000,0
2025-12-27 00:00:00,122.27,123.8,121.86,122.99,629662.648,1766836799999,77343706.73652000,205666,346730.28800000,42571381.79847000,0
2025-12-27 12:00:00,122.98,125.08,122.74,124.73,728139.464,1766879999999,90083928.90999000,252948,358684.77200000,44358682.07618000,0
2025-12-28 00:00:00,124.74,124.9,123.61,124.65,531526.438,1766923199999,66056814.93778000,208963,264192.96900000,32832536.73855000,0
2025-12-28 12:00:00,124.65,125.64,123.08,125.27,1297434.013,1766966399999,160992905.98450000,310330,736960.66500000,91417746.44689000,0
2025-12-29 00:00:00,125.27,130.16,125.01,125.08,2755796.27,1767009599999,352061376.89961000,838657,1398360.13300000,178590293.58028000,0
2025-12-29 12:00:00,125.08,125.41,122.36,123.28,1551798.835,1767052799999,191661927.60944000,686618,772378.58300000,95389257.42536000,0
2025-12-30 00:00:00,123.28,125.15,122.58,124.3,904383.404,1767095999999,112207209.10205000,352654,433152.45300000,53735134.35554000,0
2025-12-30 12:00:00,124.29,126.52,123.5,125.01,1576248.112,1767139199999,196523568.38057000,603051,848990.78800000,105775135.94164000,0
2025-12-31 00:00:00,125.02,126.85,124.41,126.73,844005.405,1767182399999,106095924.84402000,335730,338382.29900000,42557574.71592000,0
2025-12-31 12:00:00,126.73,132.75,122.99,124.65,2097638.253,1767225599999,262397669.84982000,630982,1173108.96900000,147084794.04187000,0
2026-01-01 00:00:00,124.64,125.8,124.15,125.22,745568.694,1767268799999,93205720.82670000,217103,301344.06400000,37649003.09445000,0
2026-01-01 12:00:00,125.23,127.25,124.28,126.9,988096.284,1767311999999,123863227.32945000,298154,551628.02800000,69113283.44533000,0
2026-01-02 00:00:00,126.91,129.99,125.84,128.22,1186450.662,1767355199999,151795221.69255000,478737,614480.58200000,78612478.87588000,0
2026-01-02 12:00:00,128.21,133.25,126.82,132.29,1737776.71,1767398399999,226417965.88862000,870217,908260.74900000,118398775.88521000,0
2026-01-03 00:00:00,132.28,133.17,129.6,130.71,892767.711,1767441599999,117402420.48249000,376973,399299.92300000,52503163.28163000,0
2026-01-03 12:00:00,130.71,133.99,130.5,133.37,627855.788,1767484799999,82893501.07515000,260067,351341.87200000,46382293.41014000,0
2026-01-04 00:00:00,133.37,135.0,133.2,134.39,962649.74,1767527999999,129182902.70514000,462295,462496.87100000,62081601.16745000,0
2026-01-04 12:00:00,134.39,135.54,133.12,134.12,846619.373,1767571199999,113802266.84594000,430564,428521.44400000,57596668.75560000,0
2026-01-05 00:00:00,134.12,137.75,134.01,135.77,1323450.342,1767614399999,179720505.99179000,628649,639466.88900000,86864637.18953000,0
2026-01-05 12:00:00,135.77,139.87,133.18,137.9,2004117.142,1767657599999,273190578.27233000,1004496,1073134.66700000,146322228.38237000,0
2026-01-06 00:00:00,137.91,140.08,136.89,139.5,1264800.242,1767700799999,174978875.37426000,660354,645041.45000000,89278227.90955000,0
2026-01-06 12:00:00,139.5,143.48,136.19,141.08,2506994.875,1767743999999,351512356.60594000,1217046,1234634.41800000,173184911.75901000,0
2026-01-07 00:00:00,141.08,141.4,136.56,137.93,1096076.264,1767787199999,152048667.21353000,633000,516795.79300000,71693164.64959000,0
2026-01-07 12:00:00,137.93,138.51,134.41,136.39,1225565.914,1767830399999,167091782.59225000,791664,618128.02700000,84301614.85598000,0
2026-01-08 00:00:00,136.39,138.33,133.79,134.79,1198925.673,1767873599999,163162941.88875000,635002,581500.34400000,79183989.17516000,0
2026-01-08 12:00:00,134.8,140.07,132.67,138.37,1914512.162,1767916799999,262048931.17476000,920661,988798.26400000,135483010.25886000,0
2026-01-09 00:00:00,138.37,141.17,137.04,138.28,1650327.791,1767959999999,229786340.08862000,577328,829059.61000000,115421184.96890000,0
2026-01-09 12:00:00,138.27,140.89,134.98,135.97,2128220.205,1768003199999,292883822.65089000,982099,1086894.17200000,149734179.58611000,0
2026-01-10 00:00:00,135.96,137.05,135.68,136.58,537213.675,1768046399999,73203025.11195000,223928,264992.47800000,36126703.13993000,0
2026-01-10 12:00:00,136.58,137.04,135.37,135.84,463623.329,1768089599999,63143305.68606000,195700,230758.38200000,31428789.73684000,0
2026-01-11 00:00:00,135.85,136.91,135.75,136.58,456205.275,1768132799999,62205891.22453000,177819,245316.75600000,33446753.01687000,0
2026-01-11 12:00:00,136.58,141.6,136.52,139.7,1753707.931,1768175999999,243979515.53392000,680013,966344.61500000,134396430.04463000,0
2026-01-12 00:00:00,139.69,144.4,138.92,140.03,2232614.549,1768219199999,315594114.90589000,866407,1103460.48700000,156022893.76173000,0
2026-01-12 12:00:00,140.02,144.33,138.34,139.22,1927505.542,1768262399999,271965595.13471000,948978,959998.01500000,135403512.00263000,0
2026-01-13 00:00:00,139.21,143.12,137.82,141.84,1635054.852,1768305599999,229523039.19313000,568096,833880.69100000,116998521.73897000,0
2026-01-13 12:00:00,141.84,148.74,141.21,145.51,2560027.616,1768348799999,369190110.19233000,1212945,1309288.85900000,189020383.77223000,0
2026-01-14 00:00:00,145.52,146.6,143.53,143.77,1560342.155,1768391999999,226374128.13382000,578846,764348.76800000,110922760.45527000,0
2026-01-14 12:00:00,143.76,148.44,143.37,146.69,2134735.223,1768435199999,312714069.72380000,902517,1037639.96900000,151976994.33374000,0
2026-01-15 00:00:00,146.7,146.73,143.21,144.86,1054133.808,1768478399999,152608109.85914000,457521,495963.17100000,71777783.50247000,0
2026-01-15 12:00:00,144.85,145.65,140.9,142.4,1408009.331,1768521599999,201541615.88649000,843779,664898.97100000,95222901.58768000,0
2026-01-16 00:00:00,142.41,143.63,141.39,143.14,766665.553,1768564799999,109327748.93715000,380097,375658.64500000,53591029.72527000,0
2026-01-16 12:00:00,143.14,145.55,140.26,144.89,1134213.473,1768607999999,162431200.64500000,634327,544238.60700000,77995097.79099000,0
2026-01-17 00:00:00,144.9,144.99,143.32,144.0,433810.824,1768651199999,62590632.56965000,182421,196802.58800000,28388926.76533000,0
2026-01-17 12:00:00,144.0,144.58,143.51,143.72,401343.937,1768694399999,57799812.55940000,209668,215612.05400000,31047187.45681000,0
2026-01-18 00:00:00,143.73,144.0,141.93,142.39,748755.138,1768737599999,106785133.58915000,273300,338992.00000000,48351929.82601000,0
2026-01-18 12:00:00,142.39,143.25,137.74,137.87,1128683.56,1768780799999,159631877.63192000,439671,498217.50700000,70513807.91581000,0
2026-01-19 00:00:00,137.87,137.87,130.0,134.13,2335211.523,1768823999999,312437391.85506000,782081,1170323.43700000,156565936.88054000,0
2026-01-19 12:00:00,134.12,135.16,132.74,133.44,637313.247,1768867199999,85328622.25116000,331454,313009.04900000,41913207.67974000,0
2026-01-20 00:00:00,133.44,134.63,128.36,128.81,1729749.128,1768910399999,226434525.74376000,737107,772036.14500000,101121125.86454000,0
2026-01-20 12:00:00,128.81,129.77,124.68,125.8,1802674.752,1768953599999,229765834.45036000,928143,822016.64300000,104844957.61352000,0
2026-01-21 00:00:00,125.81,128.75,125.75,126.94,806641.425,1768996799999,102923624.58996000,380069,430424.12300000,54959399.89644000,0
2026-01-21 12:00:00,126.94,132.17,125.26,129.54,2355094.935,1769039999999,303804031.73145000,1187933,1227186.79700000,158373139.35368000,0
2026-01-22 00:00:00,129.53,130.62,129.35,130.11,547032.432,1769083199999,71150780.94365000,316986,303711.32700000,39512161.41458000,0
2026-01-22 12:00:00,130.11,130.94,126.73,128.47,1264554.03,1769126399999,162419906.87970000,699763,601305.71500000,77249215.52159000,0
2026-01-23 00:00:00,128.47,129.29,126.94,127.54,591218.926,1769169599999,75738085.85620000,314556,280476.00400000,35937177.19516000,0
2026-01-23 12:00:00,127.54,130.2,125.28,127.43,1452844.151,1769212799999,185505858.12521000,754037,793902.35300000,101413072.94338000,0
2026-01-24 00:00:00,127.43,128.12,126.89,127.17,415476.328,1769255999999,52943985.80814000,177164,181599.44400000,23144894.63567000,0
2026-01-24 12:00:00,127.17,127.76,126.64,127.21,391943.667,1769299199999,49860922.52865000,154732,186386.70200000,23713223.70627000,0
2026-01-25 00:00:00,127.22,127.46,125.98,126.77,478520.46,1769342399999,60651044.04882000,177484,238295.05500000,30202351.95962000,0
2026-01-25 12:00:00,126.77,127.12,117.15,118.85,4062358.989,1769385599999,488513486.04149000,1054907,2165692.27600000,259666034.10613000,0
2026-01-26 00:00:00,118.85,123.62,118.53,122.5,1023058.268,1769428799999,124602870.96158000,527158,507881.22700000,61781322.03229000,0
2026-01-26 12:00:00,122.51,125.6,122.35,124.24,1332693.095,1769471999999,165164785.43243000,660731,651390.32800000,80783572.82496000,0
2026-01-27 00:00:00,124.24,125.17,123.57,124.12,644073.388,1769515199999,80067398.58246000,287521,319895.05900000,39780716.58052000,0
2026-01-27 12:00:00,124.12,127.84,123.12,127.19,1392435.654,1769558399999,174980427.79729000,718558,692185.62100000,86989087.30160000,0
2026-01-28 00:00:00,127.18,128.34,125.97,128.17,740850.884,1769601599999,94175284.57278000,394737,343832.54700000,43718342.13740000,0
2026-01-28 12:00:00,128.16,128.25,124.78,125.35,1257012.644,1769644799999,158758375.29009000,670548,646463.72600000,81652814.23617000,0
2026-01-29 00:00:00,125.34,125.51,122.5,122.76,765707.935,1769687999999,94662019.18632000,385592,364149.00300000,45016214.25636000,0
2026-01-29 12:00:00,122.76,123.34,115.39,117.82,2964905.538,1769731199999,349935586.26880000,1058609,1498979.83100000,176866689.99772000,0
2026-01-30 00:00:00,117.82,118.14,112.14,117.08,2484096.993,1769774399999,285473952.52949000,874002,1218751.85100000,140070783.17748000,0
2026-01-30 12:00:00,117.08,119.12,114.34,117.59,2276909.749,1769817599999,266549534.60338000,1117216,1209414.41500000,141652763.02963000,0
2026-01-31 00:00:00,117.6,118.85,114.29,116.05,1625536.13,1769860799999,189997267.26004000,526011,750318.10000000,87744568.30389000,0
2026-01-31 12:00:00,116.06,116.19,96.4,105.58,6941862.196,1769903999999,730584808.04097000,2722589,3342611.22700000,351404089.85976000,0
2026-02-01 00:00:00,105.58,106.43,103.59,105.05,1280425.495,1769947199999,134578291.52053000,683768,638194.40000000,67107518.83813000,0
2026-02-01 12:00:00,105.06,106.69,98.02,100.79,2923830.556,1769990399999,298261270.73392000,1518445,1414080.73600000,144258096.84395000,0
2026-02-02 00:00:00,100.78,103.45,95.95,102.78,3878084.333,1770033599999,389479833.78554000,1851562,1834695.51300000,184442448.84467000,0
2026-02-02 12:00:00,102.78,106.12,102.39,104.55,1695948.348,1770076799999,177129208.14894000,1005417,828328.38900000,86518716.75843000,0
2026-02-03 00:00:00,104.54,105.1,102.18,103.01,1141077.208,1770119999999,118252848.56819000,626030,558003.41500000,57845164.41680000,0
2026-02-03 12:00:00,103.01,103.65,96.64,97.89,3372940.907,1770163199999,337612319.65835000,1509607,1669609.91000000,167199381.95459000,0
2026-02-04 00:00:00,97.89,99.67,94.71,96.11,2231015.345,1770206399999,217428108.36673000,880095,1028237.41200000,100315994.51405000,0
2026-02-04 12:00:00,96.12,96.73,89.3,92.12,4020444.026,1770249599999,372435731.53560000,2059914,2067701.80400000,191537546.97169000,0
2026-02-05 00:00:00,92.11,93.43,88.66,89.98,3056058.422,1770292799999,278527126.98446000,1452012,1474253.44500000,134436617.12022000,0
2026-02-05 12:00:00,89.98,91.43,77.6,78.35,7187297.058,1770335999999,596261856.52681000,3419559,3362485.47600000,279200733.10641000,0
2026-02-06 00:00:00,78.34,82.04,67.5,81.36,7230389.072,1770379199999,551811205.68591000,2358555,3494111.81300000,266955185.35050000,0
2026-02-06 12:00:00,81.36,89.84,80.85,87.46,4580706.694,1770422399999,392496919.63611000,1622049,2279042.97200000,195296225.90469000,0
2026-02-07 00:00:00,87.45,89.04,84.16,84.91,2242967.727,1770465599999,193902202.05945000,896189,1082619.23900000,93666764.45234000,0
2026-02-07 12:00:00,84.9,89.2,84.85,87.59,2243681.753,1770508799999,195672994.20313000,849852,1105557.81200000,96390865.36893000,0
2026-02-08 00:00:00,87.59,88.99,86.44,88.25,1019234.451,1770551999999,89229591.87019000,428698,542370.66800000,47501788.91240000,0
2026-02-08 12:00:00,88.25,89.08,85.77,86.99,1515764.232,1770595199999,132878064.23659000,612152,769941.92500000,67547386.26588000,0
2026-02-09 00:00:00,86.99,87.98,82.86,83.47,1794771.546,1770638399999,153574307.26999000,744320,862236.18600000,73759009.11687000,0
2026-02-09 12:00:00,83.48,88.69,83.45,86.77,1872880.87,1770681599999,161637556.31338000,896933,868253.89500000,74801827.74212000,0
2026-02-10 00:00:00,86.77,87.49,83.77,83.85,1354874.769,1770724799999,115692399.17019000,443715,626340.75200000,53466067.54891000,0
2026-02-10 12:00:00,83.85,85.24,81.91,82.99,1620337.336,1770767999999,135625564.61944000,674287,772408.62000000,64667629.83138000,0
2026-02-11 00:00:00,82.99,84.39,80.28,81.26,1236733.377,1770811199999,101250889.38034000,492584,585532.37600000,47909945.88855000,0
2026-02-11 12:00:00,81.25,83.17,78.04,79.3,2578179.943,1770854399999,206954521.88431000,1027377,1324329.01900000,106356311.11967000,0
2026-02-12 00:00:00,79.31,82.25,79.26,81.87,991348.912,1770897599999,80157350.59464000,403324,500478.53100000,40456122.07214000,0
2026-02-12 12:00:00,81.87,82.13,76.6,78.4,2204881.205,1770940799999,173988369.18221000,921112,1121791.41700000,88526540.99474000,0
2026-02-13 00:00:00,78.39,80.62,77.53,80.31,1167581.938,1770983999999,92349277.09649000,430087,578143.55400000,45741065.22020000,0
2026-02-13 12:00:00,80.31,85.63,79.73,84.33,2202808.334,1771027199999,183435164.35583000,815457,1073716.15900000,89480487.19311000,0
2026-02-14 00:00:00,84.34,87.33,84.21,87.29,1027204.502,1771070399999,87969939.57814000,310062,561357.86300000,48085556.61345000,0
2026-02-14 12:00:00,87.29,88.9,86.0,88.06,1671402.713,1771113599999,146400603.53094000,461808,817254.21600000,71603482.93297000,0
2026-02-15 00:00:00,88.06,91.26,87.31,89.17,1997244.204,1771156799999,178369302.43765000,591154,1009706.95500000,90214507.96940000,0
2026-02-15 12:00:00,89.18,89.63,84.89,86.16,1931841.196,1771199999999,167881399.34246000,618966,871048.61900000,75692359.66796000,0
2026-02-16 00:00:00,86.15,86.63,84.47,85.52,1446207.96,1771243199999,123662253.52681000,377070,686762.00200000,58705064.44174000,0
2026-02-16 12:00:00,85.52,86.93,82.55,86.45,2113543.851,1771286399999,178884374.01730000,720678,1120606.41100000,94908031.21356000,0
2026-02-17 00:00:00,86.45,87.69,84.75,85.1,858264.416,1771329599999,73991475.36259000,372920,411018.17100000,35465548.13238000,0
2026-02-17 12:00:00,85.11,85.76,82.92,85.08,1916391.449,1771372799999,161682019.04069000,691419,974538.99400000,82200146.52750000,0
2026-02-18 00:00:00,85.09,86.09,82.83,82.86,1369508.88,1771415999999,115890225.18017000,358906,673309.37400000,56942300.65211000,0
2026-02-18 12:00:00,82.87,84.01,80.48,81.61,1768095.09,1771459199999,145399606.50563000,667993,876524.69700000,72125257.17603000,0
2026-02-19 00:00:00,81.61,82.67,80.91,81.24,1055445.058,1771502399999,86277241.57905000,298498,466526.98400000,38150103.12502000,0
2026-02-19 12:00:00,81.24,82.57,79.61,82.5,1792832.432,1771545599999,145108537.39722000,647607,974520.47700000,78865861.95074000,0
2026-02-20 00:00:00,82.5,84.84,82.33,83.58,1504850.244,1771588799999,125743469.94617000,389247,678692.16100000,56695690.67562000,0
2026-02-20 12:00:00,83.58,85.49,81.77,84.67,2249706.515,1771631999999,188608258.53023000,795640,1114053.31200000,93411411.05196000,0
2026-02-21 00:00:00,84.68,85.7,83.97,85.4,689929.664,1771675199999,58404334.96424000,199900,313904.71800000,26578810.96683000,0
2026-02-21 12:00:00,85.4,86.72,85.0,85.17,1090819.198,1771718399999,93786387.03792000,301300,539717.18300000,46406240.59114000,0
2026-02-22 00:00:00,85.17,85.6,84.73,85.27,720243.717,1771761599999,61316102.08846000,182177,349507.41600000,29752591.28792000,0
2026-02-22 12:00:00,85.28,85.33,82.48,82.79,1078608.879,1771804799999,90076831.85130000,295840,534853.21300000,44637161.84186000,0
2026-02-23 00:00:00,82.8,82.85,77.15,80.05,2880064.718,1771847999999,227044653.21400000,813673,1453787.05500000,114581823.20062000,0
2026-02-23 12:00:00,80.06,81.13,77.27,77.9,2283308.665,1771891199999,180839682.49071000,694762,1112750.59900000,88045466.60802000,0
2026-02-24 00:00:00,77.91,78.53,75.74,76.77,1793561.858,1771934399999,138133824.92413000,586908,880384.73200000,67830684.11451000,0
2026-02-24 12:00:00,76.78,79.62,75.63,78.99,1799266.518,1771977599999,139869166.02747000,645227,911620.79200000,70894057.01151000,0
2026-02-25 00:00:00,78.99,83.42,78.73,83.39,1960354.741,1772020799999,160520392.20443000,704619,1010915.42400000,82804802.31833000,0
2026-02-25 12:00:00,83.38,92.1,82.89,88.06,3672394.674,1772063999999,320912876.99986000,1371594,1947426.80800000,170170959.63377000,0
2026-02-26 00:00:00,88.05,89.27,86.6,86.82,1736438.056,1772107199999,152822885.41771000,616683,861847.77900000,75898299.43942000,0
2026-02-26 12:00:00,86.82,88.26,84.34,85.91,1620452.923,1772150399999,139448473.52478000,764358,811097.09200000,69802008.71274000,0
2026-02-27 00:00:00,85.91,88.29,83.35,83.59,1335037.595,1772193599999,115202765.02861000,526082,629984.88100000,54412979.47731000,0
2026-02-27 12:00:00,83.59,83.76,80.32,81.85,2035461.764,1772236799999,167169634.28644000,764754,978104.65600000,80371367.42981000,0
2026-02-28 00:00:00,81.84,82.27,77.12,78.78,2430702.185,1772279999999,192219324.91118000,786229,1137361.96700000,89891049.19657000,0
2026-02-28 12:00:00,78.78,85.65,78.59,84.35,2306997.694,1772323199999,188798778.40070000,866194,1179581.70200000,96530222.18958000,0
2026-03-01 00:00:00,84.35,88.9,84.25,85.18,2384314.597,1772366399999,206732628.82941000,825697,1123535.19200000,97385240.13262000,0
2026-03-01 12:00:00,85.18,86.98,81.69,83.6,2050879.625,1772409599999,172971945.06766000,813408,1019907.02500000,86075199.41196000,0
2026-03-02 00:00:00,83.61,86.18,82.37,83.89,1725699.958,1772452799999,144919465.96276000,692705,826810.79600000,69484310.98076000,0
2026-03-02 12:00:00,83.88,90.29,82.78,86.64,3397733.302,1772495999999,296546609.31246000,1319745,1731195.80800000,151156231.50151000,0
2026-03-03 00:00:00,86.65,87.32,83.7,84.21,1623610.298,1772539199999,138557903.43202000,664249,780097.93600000,66575590.53815000,0
2026-03-03 12:00:00,84.22,87.46,82.5,86.97,2513132.447,1772582399999,213850079.25171000,1235474,1308331.71400000,111398656.18845000,0
2026-03-04 00:00:00,86.98,91.48,84.78,89.76,3067075.846,1772625599999,270559833.15796000,1075405,1563582.10500000,138136763.06945000,0
2026-03-04 12:00:00,89.76,94.05,88.69,90.85,3262855.537,1772668799999,298535970.41801000,1236531,1641142.21300000,150233842.03945000,0
2026-03-05 00:00:00,90.86,92.96,89.61,91.84,1655109.431,1772711999999,150318120.65233000,681038,805017.30200000,73164245.27690000,0
2026-03-05 12:00:00,91.84,92.22,87.91,88.77,2098601.177,1772755199999,188062905.95070000,879321,1021572.52900000,91514847.37514000,0
2026-03-06 00:00:00,88.78,89.31,87.1,87.26,1092037.409,1772798399999,96316462.34598000,383865,517353.69600000,45637099.56168000,0
2026-03-06 12:00:00,87.25,87.27,83.64,84.7,2043287.233,1772841599999,174125898.61695000,690750,913711.32900000,77870741.20279000,0
2026-03-07 00:00:00,84.69,85.07,83.9,84.66,674266.95,1772884799999,56952007.86795000,179761,336915.47300000,28465909.86271000,0
2026-03-07 12:00:00,84.66,84.78,82.28,83.22,791014.771,1772927999999,66011791.00021000,269454,380166.98900000,31740628.22210000,0
2026-03-08 00:00:00,83.22,84.13,81.74,82.81,859722.729,1772971199999,71260828.70070000,313517,464519.35200000,38529656.48589000,0
2026-03-08 12:00:00,82.81,83.01,80.26,81.59,1243242.958,1773014399999,101735370.11237000,561044,596129.24600000,48806562.33849000,0
2026-03-09 00:00:00,81.6,84.61,81.54,83.59,1560438.204,1773057599999,130164533.31410000,699159,820549.57600000,68478499.87006000,0
2026-03-09 12:00:00,83.58,87.06,83.41,84.96,2033619.085,1773100799999,173598448.10023000,736779,1022212.38400000,87254490.17272000,0
2026-03-10 00:00:00,84.95,87.67,84.83,86.79,1541238.998,1773143999999,133279032.86221000,467625,792167.01000000,68519306.81356000,0
2026-03-10 12:00:00,86.8,88.8,84.91,85.88,2102656.136,1773187199999,182468594.39734000,877796,1012191.78500000,87888273.64822000,0
2026-03-11 00:00:00,85.88,86.88,84.39,84.55,1065818.385,1773230399999,91259667.21786000,351548,545678.87100000,46750257.03040000,0
2026-03-11 12:00:00,84.54,88.09,84.36,86.58,2116357.354,1773273599999,183324355.08883000,808535,1097050.73300000,95024022.68957000,0
2026-03-12 00:00:00,86.58,87.13,84.72,86.79,1125967.435,1773316799999,96669070.44142000,356050,610509.77200000,52419615.67457000,0
2026-03-12 12:00:00,86.8,87.69,85.12,86.84,1787713.713,1773359999999,154792520.10505000,655194,904164.99000000,78316004.59445000,0
2026-03-13 00:00:00,86.83,91.14,86.71,90.33,2495775.754,1773403199999,223531305.09361000,769424,1217306.76800000,108950591.66096000,0
2026-03-13 12:00:00,90.32,92.98,87.73,88.18,2444602.863,1773446399999,220851557.25374000,804065,1243984.18900000,112455969.99648000,0
2026-03-14 00:00:00,88.17,88.71,86.51,86.96,892148.579,1773489599999,78187273.98743000,252389,431842.20700000,37821999.39444000,0
2026-03-14 12:00:00,86.95,88.16,86.62,88.03,605994.46,1773532799999,52835776.51703000,200401,321120.85100000,27997986.43681000,0
2026-03-15 00:00:00,88.04,88.88,87.58,88.55,747793.699,1773575999999,66001516.76416000,249795,385125.54300000,33995653.80730000,0
2026-03-15 12:00:00,88.56,93.23,87.36,92.3,1866753.406,1773619199999,168765971.74085000,634730,1040742.98100000,94125680.05916000,0
2026-03-16 00:00:00,92.31,94.32,91.18,93.75,2442399.888,1773662399999,227476845.95931000,822753,1334872.47900000,124375350.64349000,0
2026-03-16 12:00:00,93.75,97.68,92.37,96.2,3179250.733,1773705599999,300573288.18248000,890338,1604987.86500000,151932838.99906000,0
2026-03-17 00:00:00,96.19,96.95,93.2,93.66,1628401.396,1773748799999,154219089.60496000,553708,787928.49500000,74710091.54864000,0
2026-03-17 12:00:00,93.67,95.62,93.15,94.62,1205156.19,1773791999999,113882625.34956000,558905,587993.82700000,55575681.55938000,0
2026-03-18 00:00:00,94.61,95.65,91.82,92.0,1226429.26,1773835199999,114944759.37383000,448223,577825.63900000,54138092.09313000,0
2026-03-18 12:00:00,92.0,92.03,88.55,90.08,2067432.298,1773878399999,185972646.01143000,804621,1027552.25400000,92405932.98308000,0
2026-03-19 00:00:00,90.07,91.41,88.63,89.62,1067480.607,1773921599999,96015281.77492000,391966,539183.08500000,48530632.82646000,0
2026-03-19 12:00:00,89.62,89.62,87.0,88.89,1542062.317,1773964799999,136084423.10500000,577735,781004.95200000,68906617.85906000,0
2026-03-20 00:00:00,88.9,90.45,88.5,89.15,1134695.533,1774007999999,101379521.48028000,358903,591036.49700000,52828845.83975000,0
2026-03-20 12:00:00,89.15,90.26,88.13,89.84,1066716.005,1774051199999,95041548.56239000,471064,550112.20900000,49013054.21535000,0
2026-03-21 00:00:00,89.85,90.81,89.73,89.94,559402.592,1774094399999,50442989.31032000,176215,281390.79600000,25378772.44090000,0
2026-03-21 12:00:00,89.95,90.42,87.14,87.56,682442.633,1774137599999,60813103.01761000,254291,308014.10800000,27444373.94446000,0
2026-03-22 00:00:00,87.55,89.2,86.26,86.85,1271671.475,1774180799999,111512107.66400000,449807,636401.48400000,55815369.42441000,0
2026-03-22 12:00:00,86.84,87.74,85.14,86.2,866415.656,1774223999999,75047971.40673000,343180,428606.07800000,37152182.20139000,0
2026-03-23 00:00:00,86.21,91.93,85.11,88.78,2280911.912,1774267199999,201452958.53635000,823883,1163322.15600000,102737128.88958000,0
2026-03-23 12:00:00,88.78,92.26,88.33,91.43,2280794.476,1774310399999,207215753.44804000,842720,1224815.28600000,111334359.93565000,0
2026-03-24 00:00:00,91.44,92.22,89.96,91.77,1201875.979,1774353599999,109494397.73928000,412675,667670.97400000,60854924.54933000,0
2026-03-24 12:00:00,91.78,91.86,88.42,90.8,1884166.547,1774396799999,169465153.55226000,608168,905543.56400000,81445361.66607000,0
2026-03-25 00:00:00,90.8,93.47,90.71,92.99,1520652.343,1774439999999,140153377.58726000,387516,838390.07300000,77283014.05114000,0
2026-03-25 12:00:00,92.99,93.43,91.0,91.7,1131882.455,1774483199999,104219932.53211000,457212,547141.81800000,50365563.46959000,0
2026-03-26 00:00:00,91.7,91.98,87.45,87.58,1684340.914,1774526399999,150330044.98901000,404240,676013.83700000,60390321.34426000,0
2026-03-26 12:00:00,87.58,88.24,85.45,86.53,1881851.822,1774569599999,163518675.78139000,460624,952279.27600000,82757661.23345000,0
2026-03-27 00:00:00,86.52,87.04,82.63,83.39,1610875.42,1774612799999,137126260.18838000,420059,690552.75500000,58725507.94415000,0
2026-03-27 12:00:00,83.39,84.03,81.86,83.11,1229686.65,1774655999999,101970894.07887000,397237,684340.91100000,56773627.81106000,0
2026-03-28 00:00:00,83.11,83.73,82.25,82.94,687815.622,1774699199999,57075279.34779000,185071,347402.92400000,28831688.64188000,0
2026-03-28 12:00:00,82.94,84.29,81.69,82.09,979194.477,1774742399999,81511073.91583000,266787,492002.61400000,40970472.93280000,0
2026-03-29 00:00:00,82.09,83.24,81.87,82.58,578629.278,1774785599999,47731724.42882000,174126,284783.11000000,23488457.64697000,0
2026-03-29 12:00:00,82.59,82.65,78.96,81.44,1046044.197,1774828799999,84887533.26812000,348984,490718.39500000,39865912.41970000,0
2026-03-30 00:00:00,81.45,84.88,81.15,84.24,1659591.652,1774871999999,138546061.84893000,465683,896915.44200000,74866906.69225000,0
2026-03-30 12:00:00,84.25,84.99,81.96,82.54,1366263.035,1774915199999,114058914.60940000,421456,667748.30000000,55722281.68557000,0
2026-03-31 00:00:00,82.55,84.62,80.08,80.85,2193371.432,1774958399999,179570876.65217000,489050,1132143.18800000,92635021.01777000,0
2026-03-31 12:00:00,80.85,83.47,80.4,83.2,2079195.994,1775001599999,170597723.60994000,668743,1032447.72000000,84750415.82135000,0
2026-04-01 00:00:00,83.19,84.74,82.48,83.37,1392557.139,1775044799999,116453952.64883000,413104,675509.14700000,56521234.56350000,0
2026-04-01 12:00:00,83.37,86.65,80.77,81.18,3284178.981,1775087999999,273921548.28163000,808594,1658022.29600000,138275938.11611000,0
2026-04-02 00:00:00,81.19,81.77,78.2,78.31,2347561.479,1775131199999,186594151.68352000,600744,1216366.03600000,96702714.46570000,0
2026-04-02 12:00:00,78.32,79.88,76.7,78.94,1862462.784,1775174399999,146282972.90661000,549016,1002517.37400000,78734839.53649000,0
2026-04-03 00:00:00,78.95,80.47,78.85,80.18,1111677.445,1775217599999,88474160.95388000,293060,587643.88100000,46788256.41895000,0
2026-04-03 12:00:00,80.18,80.91,79.17,80.4,1119162.295,1775260799999,89705845.72971000,292205,653965.96100000,52435538.50463000,0
2026-04-04 00:00:00,80.39,80.54,79.92,80.21,482753.905,1775303999999,38711660.41503000,119176,253385.76400000,20318186.94459000,0
2026-04-04 12:00:00,80.2,81.61,79.57,80.83,1080176.862,1775347199999,87313153.72477000,220405,525518.86100000,42477053.78501000,0
2026-04-05 00:00:00,80.84,80.85,79.41,79.9,598108.964,1775390399999,47865879.26325000,150458,287651.89400000,23022124.68944000,0
2026-04-05 12:00:00,79.91,82.13,78.52,81.89,1134329.594,1775433599999,90878311.60915000,380210,570079.06500000,45691297.09560000,0
2026-04-06 00:00:00,81.89,83.2,80.97,82.45,1524891.022,1775476799999,125396071.05392000,429021,761154.37500000,62609748.63518000,0
2026-04-06 12:00:00,82.44,82.81,79.6,80.03,1205479.542,1775519999999,98322787.10245000,407291,591775.47800000,48279730.38449000,0
2026-04-07 00:00:00,80.03,80.59,78.95,79.21,1161954.481,1775563199999,92693001.21470000,318177,582975.44500000,46511773.87152000,0
2026-04-07 12:00:00,79.22,87.02,78.38,85.56,3150644.039,1775606399999,259326235.56993000,1002780,1613638.34300000,132814956.02364000,0
2026-04-08 00:00:00,85.56,85.9,83.89,84.45,1425260.915,1775649599999,120670204.16133000,413893,673985.69100000,57063715.74405000,0
2026-04-08 12:00:00,84.46,84.98,82.24,82.57,1527497.633,1775692799999,127506573.37429000,496561,759735.27200000,63448851.97229000,0
2026-04-09 00:00:00,82.56,82.71,81.7,82.18,931033.355,1775735999999,76519991.48989000,265269,426501.88300000,35058854.19082000,0
2026-04-09 12:00:00,82.18,85.95,81.4,83.33,1844894.274,1775779199999,154503190.57032000,634969,1024300.19200000,85813859.52890000,0
2026-04-10 00:00:00,83.33,83.79,82.62,83.52,1021073.069,1775822399999,84985120.53275000,283588,562875.87700000,46850622.30314000,0
2026-04-10 12:00:00,83.52,85.67,83.36,84.83,1165005.274,1775865599999,98601370.89227000,401093,574227.74100000,48596217.15897000,0
2026-04-11 00:00:00,84.83,84.93,83.8,84.24,553876.992,1775908799999,46720238.74123000,172878,293499.22800000,24757110.09331000,0
2026-04-11 12:00:00,84.24,86.26,83.84,84.93,1017024.891,1775951999999,86530295.25536000,306919,517781.04800000,44089489.89379000,0
2026-04-12 00:00:00,84.94,85.0,81.84,82.22,1123239.357,1775995199999,92864256.10458000,322914,525317.91800000,43410927.74645000,0
2026-04-12 12:00:00,82.21,82.88,81.27,81.53,1051552.509,1776038399999,86183840.61838000,316893,510319.30000000,41847617.80873000,0
2026-04-13 00:00:00,81.54,82.6,81.4,81.86,752528.705,1776081599999,61714252.84769000,267340,380941.87100000,31248132.48692000,0
2026-04-13 12:00:00,81.86,86.81,81.82,86.51,2197861.71,1776124799999,185166790.56638000,770829,1186048.48100000,99903850.11113000,0
2026-04-14 00:00:00,86.51,86.75,85.37,85.78,1497203.121,1776167999999,128811975.51050000,368165,733370.34300000,63108553.17766000,0
2026-04-14 12:00:00,85.78,87.67,83.3,83.72,2035781.571,1776211199999,173771193.74799000,581518,1017629.79100000,86966714.51899000,0
2026-04-15 00:00:00,83.72,84.06,82.65,83.61,1203931.86,1776254399999,100363957.23940000,364631,610859.39500000,50933734.50865000,0
2026-04-15 12:00:00,83.6,85.83,83.21,84.9,1398516.733,1776297599999,118154501.30078000,501936,702691.86400000,59366473.97411000,0
2026-04-16 00:00:00,84.9,85.71,84.45,85.07,869930.797,1776340799999,74097160.22774000,308805,425009.06600000,36204740.77328000,0
2026-04-16 12:00:00,85.07,90.53,83.8,89.05,3070360.544,1776383999999,268441761.49280000,879690,1679461.25200000,146974753.09713000,0
2026-04-17 00:00:00,89.06,89.53,87.34,88.21,1369160.014,1776427199999,120761379.42670000,380767,635435.08500000,56068305.37084000,0
2026-04-17 12:00:00,88.22,90.73,87.91,88.76,2868048.374,1776470399999,256545903.37129000,796288,1639645.51500000,146583412.10164000,0
2026-04-18 00:00:00,88.77,89.16,86.28,86.53,1135132.361,1776513599999,99696227.17847000,322377,498720.17200000,43816100.62054000,0
2026-04-18 12:00:00,86.54,86.98,85.78,86.16,758058.182,1776556799999,65552998.36022000,237694,365015.92700000,31570562.26646000,0
2026-04-19 00:00:00,86.15,86.38,84.43,85.6,1117399.409,1776599999999,95207872.49330000,289104,550738.34600000,46914796.50908000,0
2026-04-19 12:00:00,85.61,87.12,82.94,83.47,1477449.656,1776643199999,125897550.50996000,480573,719780.50800000,61425444.35035000,0
2026-04-20 00:00:00,83.47,85.76,83.34,85.07,1019759.808,1776686399999,86213760.68185000,310457,554474.97700000,46886233.49688000,0
2026-04-20 12:00:00,85.06,86.22,84.42,85.28,1280586.942,1776729599999,109533944.44532000,445319,645188.52900000,55202888.21347000,0
2026-04-21 00:00:00,85.29,86.38,85.0,85.85,831666.727,1776772799999,71207877.02956000,268081,428003.29900000,36656130.44599000,0
2026-04-21 12:00:00,85.85,86.89,84.31,86.03,1279920.542,1776815999999,109482008.15521000,520956,666278.97500000,57013987.83091000,0
2026-04-22 00:00:00,86.04,88.88,86.01,88.31,1608713.256,1776859199999,140949563.73330000,416348,929993.80200000,81497450.99871000,0
2026-04-22 12:00:00,88.31,89.32,86.81,86.87,1546158.579,1776902399999,136363404.75556000,398121,800949.62400000,70647233.51458000,0
2026-04-23 00:00:00,86.86,87.18,85.2,85.81,1081016.421,1776945599999,92958989.54960000,292370,559183.87200000,48099918.56282000,0
2026-04-23 12:00:00,85.82,86.66,84.48,86.12,1813646.818,1776988799999,155422357.83012000,497230,992373.24200000,85043078.26632000,0
2026-04-24 00:00:00,86.12,86.36,84.92,86.19,913646.469,1777031999999,78251504.08041000,243760,495391.77200000,42430965.43502000,0
2026-04-24 12:00:00,86.2,86.94,85.53,86.18,904928.194,1777075199999,78108747.59254000,302176,423501.20900000,36560952.50425000,0
2026-04-25 00:00:00,86.18,86.8,86.03,86.36,437137.246,1777118399999,37773847.63310000,130097,222810.87300000,19250966.50409000,0
2026-04-25 12:00:00,86.36,86.67,85.53,86.18,596795.19,1777161599999,51309903.48957000,169978,290900.72200000,24999899.09376000,0
2026-04-26 00:00:00,86.19,86.76,85.84,86.48,568437.595,1777204799999,49105762.43222000,142332,290896.33400000,25129454.15215000,0
2026-04-26 12:00:00,86.49,87.32,85.9,86.93,885063.857,1777247999999,76621607.96295000,238325,444269.17300000,38463289.53740000,0
2026-04-27 00:00:00,86.93,88.08,85.05,85.26,1911646.813,1777291199999,165191152.80838000,393588,1065505.13300000,92086748.04575000,0
2026-04-27 12:00:00,85.26,85.83,83.63,84.82,1097454.878,1777334399999,92828034.57836000,343931,517926.22500000,43813707.03881000,0
2026-04-28 00:00:00,84.82,84.93,83.3,83.42,896061.475,1777377599999,75304426.72961000,190642,487774.82200000,40990524.61230000,0
2026-04-28 12:00:00,83.42,84.15,82.98,84.06,768332.968,1777420799999,64210835.60198000,207241,416116.14600000,34784970.71107000,0
2026-04-29 00:00:00,84.06,85.56,83.2,84.91,1090897.713,1777463999999,92493982.94991000,207971,503402.18600000,42676947.65026000,0
2026-04-29 12:00:00,84.91,84.92,81.4,83.04,1485165.883,1777507199999,123208910.02081000,373334,678599.68300000,56245710.74164000,0
2026-04-30 00:00:00,83.05,84.01,82.16,83.01,788344.31,1777550399999,65569623.91312000,246533,414397.45500000,34476791.94739000,0
2026-04-30 12:00:00,83.01,83.83,82.69,83.09,584247.301,1777593599999,48577475.29890000,234997,321040.22400000,26693118.13352000,0
2026-05-01 00:00:00,83.09,84.38,83.08,84.01,767798.912,1777636799999,64384193.33424000,188206,379889.51100000,31863154.93749000,0
2026-05-01 12:00:00,84.01,84.86,83.33,83.76,1030269.047,1777679999999,86689360.00883000,244216,542948.17000000,45689940.28258000,0
2026-05-02 00:00:00,83.76,84.18,83.44,83.7,443344.971,1777723199999,37156491.13837000,126143,205603.98300000,17228067.15014000,0
2026-05-02 12:00:00,83.7,84.97,83.67,84.26,584414.528,1777766399999,49214934.83881000,156880,316998.13500000,26696411.70093000,0
2026-05-03 00:00:00,84.26,84.31,83.58,83.96,548255.707,1777809599999,45990579.98006000,149486,284783.59600000,23891830.48421000,0
2026-05-03 12:00:00,83.96,84.97,83.87,83.91,720391.815,1777852799999,60750279.21544000,191907,362107.67900000,30534152.34947000,0
2026-05-04 00:00:00,83.91,85.9,83.23,83.95,2171748.476,1777895999999,183902593.66745000,427891,1050941.10300000,88984185.30180000,0
2026-05-04 12:00:00,83.96,85.32,83.59,84.1,1297558.742,1777939199999,109658481.63108000,330049,637437.66500000,53873264.10313000,0
2026-05-05 00:00:00,84.11,85.12,84.04,84.97,959251.393,1777982399999,81285922.94707000,178525,509389.75100000,43162349.73246000,0
2026-05-05 12:00:00,84.97,86.1,84.9,85.63,853675.953,1778025599999,73051121.53322000,190618,458960.34500000,39288773.00303000,0
